Rk,Player,Season,Age,Nation,Team,Comp,MP,Min,90s,Starts,Subs,unSub,Gls,Ast,G+A,Pass Cmp,Pass Att,Pass Cmp%,KP,Pass Final 3rd,PPA,CrsPA,PrgP,TotDist,PrgDist,Short Cmp,Short Att,Short Cmp%,Med Cmp,Med Att,Med Cmp%,Lng Cmp,Lng Att,Lng Cmp%,Carries,TotDist,PrgDist,PrgC,Carries Final 3rd,CPA,Mis,Dis,Rec,PrgR,Touches,Def Pen,Def 3rd,Mid 3rd,Att 3rd,Att Pen,Live,Tkl,TklW,Tkl Def 3rd,Tkl Mid 3rd,Tkl Att 3rd,Challenges,Ch Att,Chl%,Ch Lost,Blocks,Sh,Pass,Int,Tkl+Int,Clr,Err,Won,Lost,Won%,Pos
1201,Martin Hongla,2022-2023,24,cm CMR,Valladolid,es La Liga,16,1306,14.5,15,1,0,0,0,0,520,634,82,2,33,4,1,50,11242,3295,147,172,85.5,265,285,93,98,151,64.9,455,2458,1302,6,7,1,14,1,463,5,745,84,333,371,46,1,745,18,13,13,5,0,11,21,52.4,10,15,12,3,8,26,46,1,7,16,30.4,"DF,MF"
1202,Martin Hongla,2023-2024,25,cm CMR,Granada,es La Liga,13,562,6.2,6,7,3,0,0,0,237,283,83.7,0,20,1,0,16,4465,1179,87,95,91.6,118,131,90.1,29,48,60.4,197,898,397,3,3,0,8,0,214,5,327,18,113,191,27,1,327,7,3,2,5,0,3,9,33.3,6,6,3,3,6,13,13,1,3,12,20,"MF,DF"
1203,Franck Honorat,2023-2024,26,fr FRA,Gladbach,de Bundesliga,32,2345,26.1,28,4,0,3,9,12,802,1207,66.4,89,37,56,28,93,13080,5175,432,520,83.1,246,365,67.4,84,211,39.8,775,4677,2675,97,60,26,26,18,881,242,1413,28,249,501,680,66,1413,25,13,13,10,2,11,20,55,9,22,3,19,9,34,35,1,17,19,47.2,"DF,FW"
1204,Mathias Honsak,2024-2025,27,at AUT,Heidenheim,de Bundesliga,22,1181,13.1,12,10,0,5,1,6,324,462,70.1,14,22,12,9,29,5737,1580,147,189,77.8,139,182,76.4,34,65,52.3,338,2014,987,37,28,9,38,12,376,58,646,39,162,288,205,33,646,15,8,10,5,0,10,23,43.5,13,19,4,15,10,25,31,0,22,21,51.2,"FW,DF"
1205,Cédric Hountondji,2022-2023,28,bj BEN,Angers,fr Ligue 1,36,3095,34.4,35,1,0,0,0,0,1251,1446,86.5,4,50,3,0,84,24457,8657,407,444,91.7,704,768,91.7,127,202,62.9,1217,6039,2978,5,9,2,8,3,1075,1,1774,235,925,814,39,23,1774,50,36,31,17,2,19,29,65.5,10,44,22,22,59,109,132,1,63,31,67,DF
1206,Cédric Hountondji,2024-2025,30,bj BEN,Angers,fr Ligue 1,3,270,3,3,0,10,0,0,0,85,100,85,0,3,0,0,1,1652,391,25,30,83.3,53,57,93,6,12,50,48,201,63,0,0,0,2,0,64,0,127,20,65,58,4,1,127,6,4,4,2,0,3,7,42.9,4,3,3,0,4,10,14,0,5,3,62.5,DF
1207,Petko Hristov,2022-2023,23,bg BUL,Spezia,it Serie A,9,365,4.1,4,5,8,0,0,0,160,207,77.3,0,11,2,1,8,2653,997,82,90,91.1,64,79,81,11,29,37.9,112,510,270,2,2,0,3,0,133,3,251,19,101,122,29,3,251,6,4,2,4,0,5,8,62.5,3,4,2,2,4,10,12,0,10,5,66.7,DF
1208,Timo Hübers,2022-2023,26,de GER,Köln,de Bundesliga,29,2559,28.4,28,1,0,3,0,3,1400,1702,82.3,2,60,4,0,84,28853,9551,334,381,87.7,908,1010,89.9,149,274,54.4,1146,5506,2832,10,7,0,10,2,1217,2,2020,272,1191,787,57,24,2020,43,28,35,8,0,24,52,46.2,28,27,13,14,58,101,153,0,94,65,59.1,DF
1209,Timo Hübers,2023-2024,27,de GER,Köln,de Bundesliga,31,2778,30.9,31,0,0,0,0,0,1473,1743,84.5,6,105,7,1,104,28520,10485,448,501,89.4,879,951,92.4,130,250,52,1203,6033,3442,19,14,1,11,7,1280,3,2143,267,1200,897,65,31,2143,68,47,51,14,3,49,80,61.3,31,54,28,26,63,131,168,1,99,49,66.9,DF
1210,Dean Huijsen,2023-2024,18,es ESP,2 Teams,it Serie A,14,522,5.8,4,10,21,2,0,2,418,478,87.4,1,16,1,0,20,7521,2538,163,180,90.6,213,231,92.2,37,50,74,325,1501,752,4,3,0,3,2,407,15,545,63,212,294,41,8,545,10,5,5,5,0,1,4,25,3,7,4,3,4,14,27,2,9,7,56.3,DF
1211,Dean Huijsen,2024-2025,19,es ESP,Bournemouth,eng Premier League,32,2427,27,26,6,6,3,2,5,1355,1625,83.4,15,180,7,2,132,27219,10928,449,500,89.8,712,781,91.2,181,304,59.5,1118,7072,4349,41,31,0,20,1,1271,10,2021,254,915,971,145,30,2021,36,26,19,16,1,18,29,62.1,11,40,29,11,51,87,198,4,68,44,60.7,DF
1212,Mats Hummels,2022-2023,33,de GER,Dortmund,de Bundesliga,30,2018,22.4,24,6,3,1,0,1,1468,1677,87.5,12,100,10,3,114,31464,10587,403,447,90.2,800,841,95.1,247,338,73.1,1236,6862,4009,21,18,0,4,8,1310,6,1952,185,879,993,89,31,1952,62,34,38,22,2,32,55,58.2,23,30,16,14,33,95,100,1,71,40,64,DF
1213,Mats Hummels,2023-2024,34,de GER,Dortmund,de Bundesliga,25,1581,17.6,20,5,4,3,0,3,1262,1418,89,9,86,6,0,82,25463,8497,381,402,94.8,722,781,92.4,150,202,74.3,1095,5594,3224,11,13,1,7,6,1183,1,1649,167,698,888,76,20,1649,52,34,34,12,6,30,53,56.6,23,33,11,22,33,85,82,0,38,24,61.3,DF
1214,Mats Hummels,2024-2025,35,de GER,Roma,it Serie A,14,915,10.2,11,3,19,0,0,0,389,437,89,2,15,0,0,26,7200,2611,140,149,94,219,234,93.6,27,41,65.9,279,1306,637,4,9,0,0,1,324,1,560,57,222,313,29,10,560,30,15,16,14,0,11,18,61.1,7,12,4,8,26,56,43,0,23,15,60.5,DF
1215,Elseid Hysaj,2022-2023,28,al ALB,Lazio,it Serie A,34,1998,22.2,22,12,3,1,1,2,1186,1399,84.8,13,101,15,6,103,17630,7029,669,715,93.6,420,487,86.2,60,114,52.6,822,3533,1836,36,27,4,19,13,1019,60,1589,61,542,825,235,10,1589,39,23,24,11,4,23,41,56.1,18,31,7,24,20,59,42,0,24,24,50,DF
1216,Elseid Hysaj,2023-2024,29,al ALB,Lazio,it Serie A,22,1199,13.3,11,11,15,0,0,0,713,850,83.9,9,46,10,5,51,10858,4236,400,438,91.3,248,291,85.2,41,78,52.6,483,2815,1444,27,23,1,12,8,619,41,967,45,310,496,166,8,967,24,14,8,13,3,15,24,62.5,9,16,6,10,17,41,31,0,14,13,51.9,DF
1217,Elseid Hysaj,2024-2025,30,al ALB,Lazio,it Serie A,11,424,4.7,4,7,6,0,3,3,214,264,81.1,6,19,9,6,14,3839,922,98,110,89.1,90,108,83.3,25,34,73.5,153,683,262,4,6,1,5,0,183,18,318,19,85,149,89,10,318,11,6,6,5,0,3,3,100,0,5,2,3,5,16,21,0,8,6,57.1,DF
1218,Iago,2022-2023,25,br BRA,Augsburg,de Bundesliga,22,1600,17.8,19,3,0,0,2,2,449,725,61.9,10,33,17,7,53,8133,4177,182,229,79.5,205,323,63.5,52,118,44.1,365,2231,1053,27,12,5,26,10,396,49,948,66,301,396,259,26,948,34,16,20,10,4,11,29,37.9,18,18,5,13,17,51,53,0,13,25,34.2,"DF,MF"
1219,Iago,2023-2024,26,br BRA,Augsburg,de Bundesliga,23,1622,18,18,5,0,1,1,2,536,735,72.9,17,51,27,16,54,9641,4071,240,278,86.3,217,293,74.1,63,109,57.8,480,2650,1197,24,20,4,24,10,474,51,950,66,296,434,239,33,950,36,17,22,10,4,17,33,51.5,16,39,8,31,18,54,43,0,20,18,52.6,DF
1220,Roger Ibanez,2022-2023,23,br BRA,Roma,it Serie A,33,2796,31.1,32,1,3,3,0,3,1462,1663,87.9,6,71,4,0,77,27071,9588,554,607,91.3,745,798,93.4,146,213,68.5,1216,6677,3665,24,16,2,25,18,1272,9,2014,209,992,974,80,33,2014,67,33,38,26,3,32,48,66.7,16,30,11,19,66,133,95,2,59,28,67.8,DF
1221,Arijon Ibrahimović,2023-2024,17,de GER,Frosinone,it Serie A,16,474,5.3,5,11,15,1,1,2,163,225,72.4,8,11,9,1,22,2299,702,105,129,81.4,47,65,72.3,8,13,61.5,187,905,374,10,7,7,17,7,215,54,285,4,36,119,135,19,285,7,6,4,2,1,1,9,11.1,8,4,0,4,1,8,3,0,5,8,38.5,"FW,DF"
1222,Jay Idzes,2024-2025,24,id IDN,Venezia,it Serie A,35,3127,34.7,35,0,0,1,0,1,1457,1694,86,8,65,4,1,84,26675,9202,508,560,90.7,840,918,91.5,91,168,54.2,1051,5275,2738,15,12,0,31,7,1166,15,2078,274,1067,890,128,33,2078,45,29,24,17,4,17,33,51.5,16,52,32,20,32,77,156,0,57,81,41.3,DF
1223,Iglesias,2022-2023,24,es ESP,Getafe,es La Liga,32,2146,23.8,21,11,3,1,0,1,557,951,58.6,13,41,24,15,50,10128,4524,248,310,80,227,356,63.8,70,225,31.1,508,2781,1363,39,34,6,30,10,529,100,1259,78,381,545,349,23,1259,61,35,40,18,3,33,65,50.8,32,40,5,35,21,82,91,1,15,19,44.1,"DF,MF"
1224,Iglesias,2023-2024,25,es ESP,Getafe,es La Liga,23,1412,15.7,16,7,7,0,2,2,382,635,60.2,11,41,15,12,43,7413,3284,155,188,82.4,155,236,65.7,61,169,36.1,329,1625,671,16,11,2,10,6,363,48,830,60,262,353,223,8,830,41,22,25,11,5,21,33,63.6,12,18,7,11,16,57,53,0,12,10,54.5,"DF,FW"
1225,Iglesias,2024-2025,26,es ESP,Getafe,es La Liga,37,2888,32.1,32,5,1,0,1,1,686,1202,57.1,20,84,24,14,84,13129,6832,293,385,76.1,301,485,62.1,83,261,31.8,554,2779,1355,32,37,4,36,15,569,67,1627,104,471,763,412,15,1627,81,47,42,33,6,46,90,51.1,44,47,8,39,50,131,133,1,35,38,47.9,DF
1226,Igor,2022-2023,24,br BRA,Fiorentina,it Serie A,27,2057,22.9,23,4,7,0,0,0,1165,1324,88,3,77,2,0,76,23901,7556,322,343,93.9,686,733,93.6,144,213,67.6,901,5350,3206,19,13,0,9,11,973,2,1522,122,668,820,46,12,1522,43,29,21,18,4,20,27,74.1,7,33,14,19,25,68,56,2,38,28,57.6,DF
1227,Igor,2023-2024,25,br BRA,Brighton,eng Premier League,24,1637,18.2,17,7,10,0,0,0,1398,1497,93.4,7,123,2,0,107,21855,7143,714,742,96.2,615,640,96.1,49,68,72.1,1055,5334,2867,30,23,0,9,6,1205,12,1651,105,604,913,141,7,1651,25,18,7,16,2,17,29,58.6,12,22,9,13,14,39,52,1,26,12,68.4,DF
1228,Igor,2024-2025,26,br BRA,Brighton,eng Premier League,13,961,10.7,10,3,10,0,0,0,671,730,91.9,2,39,2,1,49,12145,3851,262,271,96.7,364,384,94.8,42,59,71.2,530,2962,1837,9,14,0,1,0,606,1,816,109,385,381,54,1,816,5,5,2,2,1,4,10,40,6,24,14,10,4,9,39,1,8,6,57.1,DF
1229,Samuel Iling-Junior,2022-2023,18,eng ENG,Juventus,it Serie A,12,318,3.5,1,11,15,1,1,2,96,123,78,5,10,7,2,18,1332,516,58,68,85.3,32,40,80,2,8,25,99,738,336,11,16,3,9,4,114,36,175,4,35,50,93,10,175,7,2,3,1,3,4,9,44.4,5,5,1,4,2,9,6,0,1,3,25,"DF,FW"
1230,Samuel Iling-Junior,2023-2024,19,eng ENG,Juventus,it Serie A,24,810,9,4,20,14,1,2,3,330,433,76.2,19,20,13,9,25,5264,1713,177,196,90.3,125,158,79.1,23,50,46,307,1710,823,29,15,8,17,12,343,64,562,26,125,220,220,23,562,23,13,9,11,3,11,18,61.1,7,17,5,12,6,29,19,0,9,3,75,"DF,MF"
1231,Imanol,2023-2024,23,es ESP,Athletic Club,es La Liga,9,525,5.8,5,4,26,0,0,0,280,343,81.6,2,24,6,3,21,4413,1312,160,178,89.9,99,115,86.1,16,30,53.3,181,901,473,13,11,2,5,3,204,15,395,17,88,219,94,4,395,7,5,1,5,1,5,18,27.8,13,6,0,6,7,14,15,0,10,4,71.4,DF
1232,Alessio Iovine,2024-2025,33,it ITA,Como,it Serie A,10,387,4.3,3,7,27,0,0,0,170,226,75.2,3,7,3,3,6,3106,912,70,81,86.4,77,93,82.8,20,42,47.6,120,637,339,9,8,2,1,0,149,8,266,13,86,120,62,4,266,5,2,2,3,0,4,10,40,6,7,1,6,3,8,21,1,2,7,22.2,"DF,FW"
1233,Thomas Isherwood,2023-2024,25,se SWE,Darmstadt 98,de Bundesliga,12,636,7.1,8,4,14,0,0,0,223,268,83.2,1,13,4,0,11,4281,1293,75,80,93.8,127,142,89.4,18,35,51.4,189,1059,587,6,6,0,3,0,220,1,345,53,208,127,11,2,345,11,5,7,3,1,5,9,55.6,4,10,7,3,10,21,34,0,8,6,57.1,DF
1234,Ismaily,2022-2023,32,br BRA,Lille,fr Ligue 1,23,1779,19.8,21,2,3,2,1,3,938,1153,81.4,20,67,14,1,95,13089,4383,570,650,87.7,317,376,84.3,23,54,42.6,901,4750,2254,40,45,9,25,29,825,116,1359,53,325,668,379,46,1359,41,18,16,16,9,17,32,53.1,15,25,5,20,21,62,39,0,36,22,62.1,DF
1235,Ismaily,2023-2024,33,br BRA,Lille,fr Ligue 1,30,2465,27.4,28,2,2,1,1,2,1262,1505,83.9,10,90,23,7,114,18690,6452,714,810,88.1,470,540,87,43,83,51.8,1173,7171,3775,74,58,14,32,18,1098,110,1811,93,500,960,373,38,1811,72,47,34,25,13,31,60,51.7,29,33,6,27,32,104,77,0,42,16,72.4,DF
1236,Ismaily,2024-2025,34,br BRA,Lille,fr Ligue 1,16,904,10,10,6,5,0,1,1,552,632,87.3,5,45,9,4,54,8555,2786,288,312,92.3,232,256,90.6,24,42,57.1,384,1949,1112,15,13,2,13,10,480,51,778,34,184,418,185,22,778,33,17,17,12,4,17,26,65.4,9,15,1,14,13,46,49,0,12,15,44.4,DF
1237,Ardian Ismajli,2022-2023,25,al ALB,Empoli,it Serie A,25,2094,23.3,22,3,2,0,0,0,871,1029,84.6,5,26,3,0,42,17177,5741,273,295,92.5,504,562,89.7,87,141,61.7,694,3506,1752,10,2,0,3,2,762,0,1301,242,785,494,25,18,1301,40,32,25,15,0,18,24,75,6,47,31,16,27,67,120,0,57,41,58.2,DF
1238,Ardian Ismajli,2023-2024,26,al ALB,Empoli,it Serie A,26,2045,22.7,23,3,3,0,0,0,864,1042,82.9,4,46,5,1,49,17451,6136,246,274,89.8,511,568,90,100,167,59.9,643,2991,1434,9,2,1,10,1,706,3,1282,192,726,505,54,18,1282,26,16,18,6,2,18,23,78.3,5,28,17,11,23,49,126,1,52,39,57.1,DF
1239,Ardian Ismajli,2024-2025,27,al ALB,Empoli,it Serie A,29,2508,27.9,29,0,0,0,0,0,872,1005,86.8,2,12,0,0,38,17912,6132,188,211,89.1,585,631,92.7,95,148,64.2,592,2728,1078,3,2,0,8,3,668,1,1410,245,881,531,8,7,1410,30,23,21,9,0,16,20,80,4,35,24,11,56,86,249,3,77,54,58.8,DF
1240,Ko Itakura,2022-2023,25,jp JPN,Gladbach,de Bundesliga,24,1981,22,22,2,0,0,2,2,1424,1568,90.8,4,68,5,0,59,25757,8783,504,530,95.1,838,886,94.6,75,127,59.1,1175,5586,3066,19,19,0,10,2,1335,4,1787,198,895,845,54,16,1787,29,17,18,7,4,16,30,53.3,14,41,25,16,27,56,95,0,42,29,59.2,DF
1241,Ko Itakura,2023-2024,26,jp JPN,Gladbach,de Bundesliga,20,1596,17.7,18,2,0,3,0,3,798,910,87.7,5,41,3,1,36,14351,4876,305,336,90.8,422,454,93,60,98,61.2,628,3177,1766,14,11,1,7,5,715,7,1110,142,522,523,74,29,1110,34,21,17,15,2,16,26,61.5,10,32,18,14,22,56,62,0,38,30,55.9,"DF,MF"
1242,Ko Itakura,2024-2025,27,jp JPN,Gladbach,de Bundesliga,31,2790,31,31,0,0,3,0,3,1617,1817,89,7,60,8,4,69,29287,9848,613,644,95.2,889,951,93.5,105,192,54.7,1326,6644,3528,23,17,0,9,8,1513,5,2170,326,1187,916,80,32,2170,40,29,23,16,1,21,34,61.8,13,41,22,19,28,68,171,0,65,35,65,DF
1243,Hiroki Ito,2022-2023,23,jp JPN,Stuttgart,de Bundesliga,30,2561,28.5,29,1,1,1,1,2,1708,2100,81.3,20,142,11,2,158,35665,12945,564,631,89.4,885,983,90,246,432,56.9,1417,7044,4013,29,27,2,21,6,1552,29,2367,224,1077,1156,160,11,2367,40,29,24,14,2,18,35,51.4,17,38,17,21,40,80,94,0,38,30,55.9,DF
1244,Hiroki Ito,2023-2024,24,jp JPN,Stuttgart,de Bundesliga,26,2228,24.8,25,1,0,0,2,2,1833,2066,88.7,19,119,21,7,121,30156,11234,915,962,95.1,774,842,91.9,118,211,55.9,1259,5476,2647,29,26,2,13,5,1674,32,2274,175,873,1204,204,18,2274,19,18,13,6,0,11,26,42.3,15,29,17,12,29,48,86,2,30,38,44.1,DF
1245,Hiroki Ito,2024-2025,25,jp JPN,Bayern Munich,de Bundesliga,6,250,2.8,3,3,0,1,0,1,183,211,86.7,3,14,3,1,18,2740,750,96,103,93.2,74,80,92.5,7,18,38.9,126,556,240,3,6,1,3,1,175,6,245,11,65,129,52,5,245,2,0,1,1,0,1,1,100,0,3,2,1,6,8,15,1,5,1,83.3,DF
1246,Diego Iturralde,2022-2023,19,es ESP,Sevilla,es La Liga,1,45,0.5,1,0,2,0,0,0,8,13,61.5,0,0,0,0,0,113,45,5,5,100,3,5,60,0,2,0,8,24,9,0,0,0,0,0,8,1,16,2,9,7,1,0,16,1,0,1,0,0,0,2,0,2,0,0,0,0,1,1,0,1,1,50,DF
1247,Marko Ivezić,2024-2025,22,rs SRB,Holstein Kiel,de Bundesliga,23,1657,18.4,18,5,10,0,0,0,803,934,86,4,33,2,0,40,15522,5455,229,254,90.2,501,553,90.6,70,114,61.4,596,2644,1282,3,7,0,17,7,746,9,1176,175,683,468,34,14,1176,29,19,20,6,3,15,42,35.7,27,25,13,12,27,56,103,2,34,30,53.1,DF
1248,Armando Izzo,2022-2023,30,it ITA,Monza,it Serie A,30,2466,27.4,29,1,0,1,0,1,1389,1597,87,15,85,7,2,96,25346,7926,543,583,93.1,687,755,91,131,213,61.5,1041,4854,2484,22,10,1,11,8,1280,29,1890,191,962,812,130,28,1890,73,50,44,27,2,29,45,64.4,16,29,17,12,50,123,87,1,40,37,51.9,DF
1249,Armando Izzo,2023-2024,31,it ITA,Monza,it Serie A,23,1650,18.3,20,3,4,0,0,0,1122,1235,90.9,7,55,4,0,59,21780,6523,342,361,94.7,665,705,94.3,109,151,72.2,870,4500,2292,15,7,0,10,2,1035,7,1389,161,684,641,73,17,1389,27,17,17,9,1,16,27,59.3,11,20,16,4,27,54,49,1,19,20,48.7,DF
1250,Armando Izzo,2024-2025,32,it ITA,Monza,it Serie A,30,2435,27.1,28,2,1,1,1,2,1305,1485,87.9,11,55,6,1,72,24799,7620,437,472,92.6,720,777,92.7,133,199,66.8,1009,4605,2241,12,14,0,21,6,1085,12,1768,264,1037,652,93,14,1768,40,15,30,9,1,18,36,50,18,38,28,10,45,85,101,0,52,64,44.8,DF
1251,Fellipe Jack,2024-2025,18,br BRA,Como,it Serie A,7,171,1.9,1,6,23,0,0,0,77,98,78.6,1,6,1,0,8,1441,479,37,40,92.5,27,32,84.4,12,17,70.6,62,281,188,2,1,0,5,0,71,1,127,10,74,48,5,1,127,9,4,8,1,0,3,5,60,2,2,2,0,4,13,5,0,4,3,57.1,DF
1252,Jérémy Jacquet,2023-2024,18,fr FRA,Clermont Foot,fr Ligue 1,6,253,2.8,2,4,7,0,1,1,94,123,76.4,2,8,2,1,15,1555,644,40,53,75.5,45,52,86.5,4,8,50,75,533,268,5,3,1,2,2,72,4,157,15,49,77,32,2,157,4,3,4,0,0,3,3,100,0,7,3,4,6,10,10,0,6,4,60,DF
1253,Jérémy Jacquet,2024-2025,19,fr FRA,Rennes,fr Ligue 1,11,927,10.3,11,0,1,0,1,1,424,508,83.5,4,49,1,0,40,8419,3020,120,145,82.8,253,286,88.5,47,59,79.7,353,1729,861,8,9,1,6,3,408,4,627,55,226,350,61,10,627,26,17,11,8,7,14,22,63.6,8,9,3,6,27,53,45,1,19,10,65.5,DF
1254,Paul Jaeckel,2022-2023,24,de GER,Union Berlin,de Bundesliga,16,1196,13.3,13,3,11,1,0,1,507,622,81.5,1,55,4,1,41,10133,3950,167,181,92.3,270,297,90.9,64,125,51.2,426,1858,966,6,4,0,6,2,471,8,748,60,369,347,40,4,748,24,18,11,11,2,17,35,48.6,18,11,5,6,19,43,44,1,19,22,46.3,DF
1255,Paul Jaeckel,2023-2024,25,de GER,Union Berlin,de Bundesliga,6,234,2.6,2,4,19,0,0,0,121,136,89,2,7,1,0,14,2388,943,45,46,97.8,54,60,90,20,25,80,95,379,194,1,1,0,1,1,109,1,161,9,81,77,4,0,161,7,2,4,3,0,5,9,55.6,4,3,2,1,4,11,7,0,5,2,71.4,DF
1256,Kristijan Jakić,2022-2023,25,hr CRO,Eint Frankfurt,de Bundesliga,24,1460,16.2,17,7,4,1,0,1,741,954,77.7,7,39,8,2,59,13042,5310,317,370,85.7,354,417,84.9,58,122,47.5,578,2250,1054,16,13,2,13,6,651,19,1129,89,469,550,121,14,1129,33,21,19,12,2,22,41,53.7,19,32,10,22,14,47,49,1,29,30,49.2,"DF,MF"
1257,Ismail Jakobs,2022-2023,22,sn SEN,Monaco,fr Ligue 1,32,1119,12.4,9,23,3,0,2,2,423,656,64.5,12,36,18,10,46,6246,2158,231,300,77,138,214,64.5,26,78,33.3,483,2986,1332,39,31,8,17,7,493,109,749,24,145,311,299,41,749,11,5,7,3,1,5,12,41.7,7,9,1,8,9,20,18,0,50,26,65.8,"DF,FW"
1258,Ismail Jakobs,2023-2024,23,sn SEN,Monaco,fr Ligue 1,22,1466,16.3,16,6,2,1,2,3,626,874,71.6,17,44,20,10,56,9832,3149,317,380,83.4,256,347,73.8,35,100,35,663,3473,1345,44,32,13,29,6,627,133,1078,54,230,446,410,46,1078,57,41,27,21,9,29,47,61.7,18,19,2,17,11,68,40,0,38,30,55.9,DF
1259,Ismail Jakobs,2024-2025,24,sn SEN,Monaco,fr Ligue 1,2,180,2,2,0,0,0,0,0,85,105,81,4,7,5,3,6,1245,497,49,55,89.1,22,30,73.3,8,11,72.7,67,503,228,9,7,1,0,0,77,17,121,6,25,50,46,1,121,5,5,3,0,2,3,5,60,2,0,0,0,2,7,6,0,1,6,14.3,DF
1260,Reece James,2022-2023,22,eng ENG,Chelsea,eng Premier League,16,1244,13.8,14,2,0,1,1,2,891,1051,84.8,21,60,24,6,90,14345,4119,468,499,93.8,337,395,85.3,67,109,61.5,710,3722,2018,52,26,9,13,14,813,115,1187,39,256,543,395,25,1187,31,20,10,18,3,15,19,78.9,4,17,2,15,12,43,23,0,23,16,59,"DF,MF"
1261,Reece James,2023-2024,23,eng ENG,Chelsea,eng Premier League,10,419,4.7,5,5,0,0,2,2,275,341,80.6,11,21,6,3,21,4433,1383,144,163,88.3,104,130,80,19,34,55.9,217,1061,548,19,8,3,6,6,245,35,391,26,118,153,124,20,391,14,9,10,3,1,8,10,80,2,4,4,0,3,17,7,1,8,5,61.5,DF
1262,Reece James,2024-2025,24,eng ENG,Chelsea,eng Premier League,19,1063,11.8,12,7,4,1,1,2,717,854,84,11,80,5,1,64,12618,4375,333,357,93.3,317,355,89.3,57,116,49.1,486,1877,822,7,4,1,7,9,607,12,952,43,267,516,176,7,952,10,9,6,3,1,3,9,33.3,6,14,6,8,13,23,23,4,23,9,71.9,"DF,MF"
1263,Vitaly Janelt,2022-2023,24,de GER,Brentford,eng Premier League,35,2208,24.5,24,11,0,3,1,4,812,1020,79.6,16,75,19,8,82,14151,3894,411,466,88.2,298,360,82.8,90,139,64.7,663,2798,1246,14,18,2,18,11,737,28,1244,66,335,675,242,36,1244,54,27,20,24,10,21,49,42.9,28,29,9,20,29,83,26,0,32,23,58.2,"MF,DF"
1264,Vitaly Janelt,2023-2024,25,de GER,Brentford,eng Premier League,38,3054,33.9,37,1,0,1,3,4,1088,1398,77.8,37,107,32,15,123,17534,5211,579,666,86.9,394,496,79.4,84,156,53.8,893,3559,1558,25,25,3,27,10,1053,81,1703,115,513,772,437,72,1703,63,38,29,25,9,32,64,50,32,35,9,26,36,99,64,3,34,26,56.7,"MF,DF"
1265,Saidy Janko,2022-2023,26,gm GAM,Bochum,de Bundesliga,20,1134,12.6,12,8,6,0,0,0,312,451,69.2,2,26,3,0,29,5445,1514,146,184,79.3,127,179,70.9,34,65,52.3,229,1615,787,23,22,1,18,10,265,27,600,58,204,305,100,1,600,23,15,13,8,2,12,20,60,8,24,10,14,11,34,33,1,10,22,31.3,DF
1266,Pontus Jansson,2022-2023,31,se SWE,Brentford,eng Premier League,12,724,8,9,3,3,1,0,1,257,321,80.1,0,11,0,0,14,5004,1738,81,98,82.7,147,167,88,28,45,62.2,192,734,310,1,1,0,2,1,217,0,393,73,243,137,13,8,393,5,3,4,1,0,3,5,60,2,13,9,4,9,14,38,0,24,12,66.7,DF
1267,Tony Jantschke,2022-2023,32,de GER,Gladbach,de Bundesliga,8,99,1.1,1,7,17,0,0,0,79,86,91.9,0,1,0,0,2,1453,438,26,27,96.3,45,48,93.8,7,10,70,59,217,70,0,0,0,0,0,74,1,99,11,57,39,3,0,99,2,1,1,1,0,1,1,100,0,5,3,2,0,2,5,0,4,1,80,"DF,MF"
1268,Tony Jantschke,2023-2024,33,de GER,Gladbach,de Bundesliga,4,27,0.3,0,4,8,0,0,0,12,12,100,0,1,0,0,2,208,130,5,5,100,7,7,100,0,0,,8,17,4,0,0,0,0,0,9,0,22,5,15,7,0,0,22,1,1,1,0,0,1,1,100,0,2,2,0,1,2,4,0,2,2,50,"DF,MF"
1269,Luca Jaquez,2024-2025,21,ch SUI,Stuttgart,de Bundesliga,5,253,2.8,2,3,8,0,0,0,194,212,91.5,0,18,1,0,18,3215,1007,94,97,96.9,83,87,95.4,12,22,54.5,166,1091,621,5,2,0,1,0,182,0,227,10,82,133,13,1,227,3,0,3,0,0,1,3,33.3,2,2,0,2,3,6,4,0,4,2,66.7,DF
1270,Ali Jasim,2024-2025,20,iq IRQ,Como,it Serie A,2,10,0.1,0,2,9,0,0,0,7,9,77.8,0,2,0,0,1,71,35,6,6,100,1,3,33.3,0,0,,7,54,36,1,0,0,0,0,8,1,11,0,6,4,1,0,11,1,0,1,0,0,1,1,100,0,0,0,0,0,1,0,0,1,0,100,"FW,DF"
1271,Dominik Javorček,2024-2025,21,sk SVK,Holstein Kiel,de Bundesliga,13,386,4.3,4,9,12,0,2,2,115,163,70.6,4,7,2,1,4,2137,930,53,58,91.4,44,57,77.2,16,35,45.7,91,460,249,7,2,0,5,1,113,23,221,30,104,60,57,2,221,3,0,3,0,0,1,5,20,4,7,3,4,5,8,26,1,3,7,30,"DF,MF"
1272,Gaby Jean,2024-2025,24,fr FRA,Lecce,it Serie A,19,1388,15.4,16,3,11,0,0,0,727,862,84.3,1,33,1,1,42,12291,5135,308,332,92.8,342,385,88.8,51,101,50.5,500,2589,1296,8,1,0,5,5,618,3,992,136,580,396,22,3,992,14,7,8,5,1,6,11,54.5,5,13,10,3,9,23,71,1,41,24,63.1,DF
1273,Julian Jeanvier,2022-2023,30,gn GUI,Auxerre,fr Ligue 1,22,1760,19.6,20,2,7,1,0,1,653,792,82.4,1,22,0,0,27,12993,4484,220,260,84.6,328,364,90.1,90,143,62.9,674,3508,1755,4,4,0,8,2,607,6,1002,168,558,423,23,12,1002,32,17,24,8,0,13,22,59.1,9,24,17,7,27,59,96,1,24,26,48,DF
1274,Finn Jeltsch,2024-2025,18,de GER,Stuttgart,de Bundesliga,12,780,8.7,9,3,1,0,0,0,582,639,91.1,2,29,1,0,31,9402,2308,269,284,94.7,291,307,94.8,13,33,39.4,476,3112,1472,8,11,1,10,1,525,5,727,46,234,461,34,2,727,18,13,6,11,1,12,15,80,3,12,6,6,13,31,27,2,12,8,60,DF
1275,Moritz Jenz,2022-2023,23,de GER,Schalke 04,de Bundesliga,11,945,10.5,11,0,0,0,0,0,374,489,76.5,1,20,2,1,18,8350,3387,103,126,81.7,201,231,87,69,121,57,317,1705,1018,6,1,0,9,2,333,1,614,100,381,217,24,14,614,14,11,8,5,1,5,8,62.5,3,16,10,6,8,22,53,1,34,19,64.2,DF
1276,Moritz Jenz,2023-2024,24,de GER,Wolfsburg,de Bundesliga,22,1742,19.4,21,1,6,0,1,1,941,1068,88.1,4,41,1,0,47,16823,6685,345,367,94,525,569,92.3,59,108,54.6,742,3467,1863,2,3,0,6,2,838,4,1274,163,682,578,20,7,1274,34,24,21,11,2,14,21,66.7,7,29,17,12,26,60,94,0,48,22,68.6,DF
1277,Moritz Jenz,2024-2025,25,de GER,Mainz 05,de Bundesliga,19,1600,17.8,18,1,4,0,0,0,712,845,84.3,3,37,2,0,47,12788,4551,272,298,91.3,391,435,89.9,41,95,43.2,510,2205,958,1,2,1,7,0,592,3,1098,161,565,500,36,20,1098,36,20,18,18,0,16,21,76.2,5,23,14,9,30,66,128,2,73,41,64,DF
1278,Juan Jesus,2022-2023,31,br BRA,Napoli,it Serie A,15,933,10.4,10,5,22,1,0,1,669,742,90.2,2,45,1,0,55,12151,4256,252,265,95.1,356,387,92,50,67,74.6,532,3282,2091,14,9,0,5,1,575,3,834,56,300,518,21,7,834,16,11,9,6,1,9,12,75,3,18,11,7,10,26,29,0,30,9,76.9,DF
1279,Juan Jesus,2023-2024,32,br BRA,Napoli,it Serie A,24,2116,23.5,23,1,6,1,0,1,1547,1709,90.5,5,67,2,0,82,29632,9837,487,524,92.9,896,950,94.3,148,200,74,1151,5769,2890,6,5,0,6,2,1351,2,1897,144,808,1059,39,15,1897,42,19,28,12,2,23,33,69.7,10,23,12,11,23,65,67,1,47,47,50,DF
1280,Juan Jesus,2024-2025,33,br BRA,Napoli,it Serie A,15,1074,11.9,12,3,18,0,1,1,764,853,89.6,1,40,2,0,50,15673,4982,217,232,93.5,445,472,94.3,100,134,74.6,589,2476,1243,3,2,0,4,1,712,2,952,79,392,555,8,3,952,25,14,16,9,0,12,20,60,8,15,3,12,9,34,42,0,24,16,60,DF
1281,Álex Jiménez,2024-2025,19,es ESP,Milan,it Serie A,22,1266,14.1,14,8,6,0,1,1,452,564,80.1,12,33,12,5,37,7535,1817,222,257,86.4,191,225,84.9,33,52,63.5,423,3072,1649,55,26,17,27,13,437,72,729,23,184,305,253,37,729,24,13,8,14,2,11,27,40.7,16,24,3,21,15,39,23,0,9,13,40.9,"DF,FW"
1282,Carl Johansson,2024-2025,30,se SWE,Holstein Kiel,de Bundesliga,10,568,6.3,7,3,7,0,0,0,268,305,87.9,6,4,2,0,12,4810,1547,107,115,93,143,160,89.4,16,24,66.7,155,493,189,0,0,0,2,0,218,0,396,92,265,120,15,11,396,4,2,4,0,0,3,7,42.9,4,12,8,4,10,14,54,1,29,21,58,DF
1283,Ben Johnson,2022-2023,22,eng ENG,West Ham,eng Premier League,17,866,9.6,9,8,10,0,0,0,395,535,73.8,3,27,10,5,37,6958,2496,177,202,87.6,175,217,80.6,35,85,41.2,276,1449,650,15,6,1,7,7,335,22,627,43,256,289,87,2,627,20,14,12,4,4,12,18,66.7,6,12,4,8,9,29,28,1,16,9,64,DF
1284,Ben Johnson,2023-2024,23,eng ENG,West Ham,eng Premier League,14,544,6,4,10,11,0,0,0,246,334,73.7,0,18,1,0,22,3816,1465,141,156,90.4,88,121,72.7,14,33,42.4,232,1479,633,17,11,1,6,10,243,33,417,21,139,169,119,4,417,11,7,7,3,1,9,14,64.3,5,2,1,1,5,16,14,0,7,12,36.8,"DF,FW"
1285,Ben Johnson,2024-2025,24,eng ENG,Ipswich Town,eng Premier League,23,1354,15,14,9,9,1,2,3,298,416,71.6,12,22,3,2,27,4835,2045,170,197,86.3,101,135,74.8,24,49,49,259,1503,585,16,12,3,23,17,292,33,626,60,246,220,163,12,626,38,22,23,12,3,20,41,48.8,21,22,5,17,13,51,54,1,19,18,51.4,"DF,FW"
1286,Paul Joly,2022-2023,22,fr FRA,Auxerre,fr Ligue 1,10,867,9.6,10,0,6,0,0,0,514,652,78.8,7,34,13,8,41,9641,3372,218,247,88.3,201,237,84.8,75,127,59.1,519,3094,1511,19,27,1,9,12,445,48,783,54,283,328,179,4,783,33,21,21,10,2,19,35,54.3,16,13,2,11,24,57,29,2,6,11,35.3,DF
1287,Paul Joly,2024-2025,24,fr FRA,Auxerre,fr Ligue 1,26,1009,11.2,10,16,2,0,1,1,424,617,68.7,16,38,18,8,51,7496,2740,196,240,81.7,170,230,73.9,48,108,44.4,394,1846,922,28,19,4,24,12,435,61,800,29,250,357,200,16,800,49,32,30,17,2,27,45,60,18,19,1,18,25,74,32,5,13,8,61.9,DF
1288,Curtis Jones,2024-2025,23,eng ENG,Liverpool,eng Premier League,33,1712,19,19,14,1,3,3,6,1021,1097,93.1,22,84,19,1,117,15072,3158,584,605,96.5,373,404,92.3,40,53,75.5,789,3889,1892,30,23,8,26,36,967,79,1288,41,220,683,393,58,1288,39,22,6,23,10,17,27,63,10,22,9,13,7,46,10,3,14,13,51.9,"MF,DF"
1289,Jordi,2023-2024,22,es ESP,Getafe,es La Liga,13,573,6.4,5,8,11,0,0,0,150,242,62,7,13,2,1,14,2237,608,89,112,79.5,50,88,56.8,7,21,33.3,180,797,336,6,14,2,12,9,206,28,336,7,50,155,134,14,336,16,11,3,11,2,7,15,46.7,8,7,2,5,8,24,7,0,11,21,34.4,"MF,DF"
1290,Josan,2022-2023,32,es ESP,Elche,es La Liga,26,1078,12,9,17,10,1,3,4,424,539,78.7,15,29,13,8,39,7003,2471,226,252,89.7,147,183,80.3,38,73,52.1,407,2599,1399,37,19,8,25,21,406,61,653,20,211,276,178,16,653,25,20,20,5,0,14,27,51.9,13,8,0,8,7,32,15,1,5,7,41.7,"DF,MF"
1291,Mathias Jørgensen,2022-2023,32,dk DEN,Brentford,eng Premier League,18,1103,12.3,11,7,15,0,0,0,404,503,80.3,3,30,0,0,35,6929,3051,181,203,89.2,197,240,82.1,20,49,40.8,295,1062,616,1,2,0,3,1,321,1,612,87,291,281,42,12,612,17,8,9,8,0,9,21,42.9,12,19,12,7,16,33,39,1,17,15,53.1,DF
1292,Mathias Jørgensen,2023-2024,33,dk DEN,Brentford,eng Premier League,14,1087,12.1,12,2,23,1,0,1,446,593,75.2,7,52,9,1,50,7338,3528,227,262,86.6,186,238,78.2,27,62,43.5,275,1222,758,5,4,0,4,1,372,4,704,74,287,350,70,24,704,17,12,15,1,1,11,19,57.9,8,9,5,4,12,29,40,0,26,23,53.1,DF
1293,Juanpe,2022-2023,31,es ESP,Girona,es La Liga,19,1426,15.8,17,2,11,1,0,1,753,881,85.5,3,32,1,0,38,14726,5562,234,250,93.6,428,466,91.8,85,139,61.2,595,3035,1700,8,2,0,0,2,693,3,992,169,573,395,31,16,992,19,11,10,9,0,11,17,64.7,6,12,9,3,10,29,60,1,18,9,66.7,DF
1294,Juanpe,2023-2024,32,es ESP,Girona,es La Liga,17,746,8.3,6,11,19,0,0,0,500,550,90.9,0,8,0,0,14,9290,3239,174,181,96.1,281,299,94,39,61,63.9,402,2210,1141,3,2,0,4,1,455,0,649,110,389,251,12,6,649,11,8,8,3,0,9,10,90,1,17,11,6,7,18,50,1,21,13,61.8,DF
1295,Juanpe,2024-2025,33,es ESP,Girona,es La Liga,12,727,8.1,8,4,26,0,0,0,507,581,87.3,3,32,1,0,26,10530,3421,134,145,92.4,309,327,94.5,62,100,62,377,1847,1031,2,4,0,3,1,467,0,676,86,368,293,18,1,676,8,5,5,3,0,6,8,75,2,15,10,5,8,16,56,1,25,9,73.5,DF
1296,Jubal,2022-2023,28,br BRA,Auxerre,fr Ligue 1,37,3217,35.7,35,2,1,3,1,4,1099,1345,81.7,4,65,4,2,73,24023,7984,294,353,83.3,581,637,91.2,197,318,61.9,1106,5884,2794,7,11,0,23,4,972,1,1774,305,979,749,57,31,1773,41,26,29,11,1,19,38,50,19,57,34,23,53,94,193,0,76,56,57.6,DF
1297,Jubal,2024-2025,30,br BRA,Auxerre,fr Ligue 1,30,2640,29.3,30,0,0,6,0,6,918,1057,86.8,6,34,7,0,33,18586,5601,270,290,93.1,541,573,94.4,102,176,58,698,2904,973,1,3,0,7,2,797,3,1458,274,866,550,52,38,1454,60,39,46,13,1,28,40,70,12,61,36,25,25,85,201,1,72,32,69.2,DF
1298,Mads Juel Andersen,2023-2024,25,dk DEN,Luton Town,eng Premier League,8,400,4.4,4,4,4,1,0,1,87,117,74.4,0,7,0,0,7,1570,766,41,47,87.2,37,48,77.1,9,19,47.4,58,301,112,0,0,0,6,0,64,1,182,56,118,57,7,4,182,6,5,4,2,0,4,4,100,0,9,6,3,8,14,29,0,11,5,68.8,DF
1299,Christopher Jullien,2022-2023,29,fr FRA,Montpellier,fr Ligue 1,30,2695,29.9,30,0,3,0,2,2,884,1065,83,7,30,1,0,52,17736,6583,284,347,81.8,456,507,89.9,122,180,67.8,850,4177,1890,2,4,1,15,4,755,6,1360,239,746,574,47,32,1360,46,28,29,14,3,28,51,54.9,23,35,18,17,43,89,114,1,86,40,68.3,DF
1300,Christopher Jullien,2023-2024,30,fr FRA,Montpellier,fr Ligue 1,20,1233,13.7,13,7,8,1,0,1,441,512,86.1,2,16,1,1,26,8894,2972,114,135,84.4,256,278,92.1,56,81,69.1,402,2023,931,1,1,0,7,0,364,4,688,169,402,275,13,10,688,16,12,11,5,0,6,17,35.3,11,25,20,5,12,28,106,2,45,25,64.3,DF
1301,Abdulai Juma Bah,2024-2025,18,sl SLE,2 Teams,2 Comps,22,1550,17.2,18,4,6,0,0,0,683,785,87,3,22,0,0,22,12372,3936,263,290,90.7,360,380,94.7,53,96,55.2,530,2078,804,3,3,0,7,8,595,2,1003,166,591,393,22,14,1003,26,17,13,13,0,8,12,66.7,4,25,15,10,29,55,107,1,54,19,74,DF
1302,Anthony Jung,2022-2023,30,de GER,Werder Bremen,de Bundesliga,34,2617,29.1,32,2,0,2,5,7,1085,1422,76.3,22,56,18,8,73,17239,5726,559,641,87.2,428,536,79.9,66,150,44,808,3566,1560,28,21,1,30,17,966,109,1687,92,569,767,361,34,1687,46,27,19,20,7,31,58,53.4,27,30,6,24,22,68,63,0,37,29,56.1,"DF,FW"
1303,Anthony Jung,2023-2024,31,de GER,Werder Bremen,de Bundesliga,31,2579,28.7,30,1,1,1,0,1,1553,1795,86.5,6,90,10,4,107,28008,10414,629,674,93.3,764,842,90.7,137,215,63.7,1121,5721,2830,24,11,1,11,2,1306,21,2031,285,1017,940,78,8,2031,37,23,21,14,2,18,33,54.5,15,39,17,22,24,61,102,0,44,26,62.9,DF
1304,Anthony Jung,2024-2025,32,de GER,Werder Bremen,de Bundesliga,28,1898,21.1,20,8,5,0,0,0,1354,1512,89.6,2,100,6,1,121,24384,8795,516,557,92.6,698,737,94.7,112,165,67.9,1044,4729,2322,20,20,0,13,2,1165,6,1695,231,901,733,72,1,1695,34,22,22,11,1,22,34,64.7,12,23,14,9,25,59,77,1,34,20,63,DF
1305,Josip Juranović,2022-2023,26,hr CRO,Union Berlin,de Bundesliga,12,935,10.4,10,2,6,2,1,3,318,492,64.6,22,22,11,9,27,5817,2450,141,163,86.5,121,172,70.3,46,117,39.3,216,996,435,11,3,2,6,3,224,33,553,33,154,215,194,10,552,9,7,5,2,2,7,18,38.9,11,9,3,6,6,15,22,1,3,7,30,DF
1306,Josip Juranović,2023-2024,27,hr CRO,Union Berlin,de Bundesliga,21,1294,14.4,14,7,3,0,2,2,513,725,70.8,39,48,16,7,52,10311,4748,191,215,88.8,224,291,77,89,182,48.9,349,2086,1039,22,12,3,12,6,374,46,850,50,258,358,243,14,849,20,14,11,7,2,10,21,47.6,11,17,3,14,12,32,27,1,3,4,42.9,DF
1307,Josip Juranović,2024-2025,28,hr CRO,Union Berlin,de Bundesliga,17,1159,12.9,13,4,1,0,1,1,379,588,64.5,27,34,22,12,52,7589,3252,132,167,79,168,246,68.3,68,138,49.3,307,1569,797,19,12,3,12,3,320,45,709,41,212,287,222,7,709,21,13,12,6,3,10,25,40,15,13,6,7,7,28,42,2,4,5,44.4,"DF,MF"
1308,David Jurásek,2023-2024,22,cz CZE,Hoffenheim,de Bundesliga,13,496,5.5,4,9,3,0,1,1,166,256,64.8,6,6,6,5,12,2795,1295,71,81,87.7,84,120,70,8,36,22.2,155,754,425,12,7,2,7,1,167,38,334,37,132,102,102,5,334,14,11,13,1,0,7,17,41.2,10,7,2,5,3,17,22,1,5,3,62.5,DF
1309,David Jurásek,2024-2025,23,cz CZE,Hoffenheim,de Bundesliga,14,619,6.9,6,8,10,0,1,1,307,439,69.9,7,22,11,9,22,5143,1776,161,188,85.6,111,157,70.7,26,61,42.6,238,1299,599,17,21,1,6,5,310,42,499,16,132,194,176,9,499,6,3,3,2,1,2,5,40,3,5,0,5,6,12,17,0,3,2,60,DF
1310,James Justin,2022-2023,24,eng ENG,Leicester City,eng Premier League,14,1252,13.9,14,0,0,0,0,0,667,819,81.4,7,48,12,7,47,10404,3063,371,408,90.9,239,282,84.8,39,81,48.1,417,1831,834,20,19,4,15,6,574,50,980,48,296,475,216,8,980,20,18,7,12,1,9,18,50,9,24,6,18,15,35,47,0,23,32,41.8,DF
1311,James Justin,2024-2025,26,eng ENG,Leicester City,eng Premier League,36,2912,32.4,34,2,1,2,2,4,1205,1541,78.2,14,76,23,8,91,18606,5922,625,718,87,497,586,84.8,48,136,35.3,866,3649,1788,39,27,4,31,15,1077,96,1948,151,692,881,387,38,1948,58,37,29,23,6,32,55,58.2,23,48,17,31,46,104,141,3,69,55,55.6,DF
1312,Ozan Kabak,2022-2023,22,tr TUR,Hoffenheim,de Bundesliga,30,2388,26.5,28,2,1,2,2,4,1056,1277,82.7,4,62,2,0,76,19695,5984,398,448,88.8,561,625,89.8,88,157,56.1,899,4654,2411,23,16,0,25,7,968,13,1588,168,772,746,93,26,1588,51,34,27,21,3,17,30,56.7,13,35,23,12,45,96,83,0,80,52,60.6,DF
1313,Ozan Kabak,2023-2024,23,tr TUR,Hoffenheim,de Bundesliga,28,2282,25.4,28,0,1,4,0,4,1159,1358,85.3,8,92,16,2,110,21139,7126,441,488,90.4,618,677,91.3,93,172,54.1,947,4383,2383,21,21,2,13,5,1093,11,1665,175,659,895,116,28,1665,48,35,32,14,2,19,33,57.6,14,43,21,22,46,94,106,2,68,47,59.1,DF
1314,Almugera Kabar,2024-2025,18,de GER,Dortmund,de Bundesliga,5,137,1.5,1,4,12,0,0,0,89,98,90.8,3,7,2,1,6,1317,221,53,57,93,33,35,94.3,2,5,40,71,285,101,5,3,0,0,3,78,2,114,0,27,68,20,1,114,5,3,2,2,1,3,3,100,0,1,0,1,1,6,4,0,2,3,40,DF
1315,Christian Kabasele,2023-2024,32,be BEL,Udinese,it Serie A,13,861,9.6,10,3,22,1,1,2,257,314,81.8,2,22,0,0,22,4608,1602,100,113,88.5,127,147,86.4,21,36,58.3,198,1097,558,7,3,0,5,0,216,1,427,92,225,181,22,9,427,10,7,4,5,1,2,11,18.2,9,15,9,6,12,22,56,0,26,10,72.2,DF
1316,Christian Kabasele,2024-2025,33,be BEL,Udinese,it Serie A,16,1161,12.9,12,4,22,2,0,2,481,564,85.3,6,44,1,0,44,9338,3292,165,180,91.7,236,264,89.4,70,102,68.6,393,1930,1020,9,7,0,9,3,438,7,715,101,337,328,51,23,715,17,9,10,7,0,11,14,78.6,3,14,8,6,14,31,75,1,35,20,63.6,DF
1317,Issa Kaboré,2022-2023,21,bf BFA,Marseille,fr Ligue 1,22,1028,11.4,9,13,13,1,0,1,436,567,76.9,13,23,16,6,54,6207,2017,252,291,86.6,138,181,76.2,22,47,46.8,510,3205,1531,39,27,10,33,13,464,130,734,29,155,290,299,39,734,33,19,10,18,5,21,32,65.6,11,11,1,10,12,45,21,1,3,7,30,DF
1318,Issa Kaboré,2023-2024,22,bf BFA,Luton Town,eng Premier League,24,1729,19.2,21,3,4,0,2,2,533,759,70.2,16,30,18,13,54,8402,3289,277,324,85.5,203,287,70.7,35,78,44.9,455,3134,1558,60,33,10,25,8,449,85,985,79,329,386,283,18,985,52,28,23,21,8,24,45,53.3,21,22,11,11,16,68,56,2,17,18,48.6,DF
1319,Issa Kaboré,2024-2025,23,bf BFA,2 Teams,2 Comps,9,308,3.4,3,6,4,0,0,0,142,180,78.9,7,4,5,3,8,2066,736,83,90,92.2,45,58,77.6,8,20,40,128,898,440,15,12,5,9,2,137,35,253,12,57,95,109,16,253,8,4,2,5,1,4,6,66.7,2,8,2,6,2,10,7,0,6,3,66.7,"DF,MF"
1320,Yaya Kader Fofana,2023-2024,19,ml MLI,Reims,fr Ligue 1,4,32,0.4,0,4,5,0,0,0,12,21,57.1,0,0,0,0,3,143,59,8,13,61.5,2,3,66.7,0,3,0,18,114,35,1,2,0,1,0,16,1,31,1,4,12,15,4,31,3,3,1,1,1,0,1,0,1,0,0,0,1,4,0,0,1,2,33.3,"MF,DF"
1321,Pavel Kadeřábek,2022-2023,30,cz CZE,Hoffenheim,de Bundesliga,26,1665,18.5,17,9,2,1,1,2,615,883,69.6,18,46,29,20,61,9816,4412,318,391,81.3,254,350,72.6,33,94,35.1,438,2047,1108,30,25,4,13,7,564,114,1024,45,231,429,371,39,1024,26,20,10,9,7,15,23,65.2,8,12,2,10,14,40,37,1,46,48,48.9,DF
1322,Pavel Kadeřábek,2023-2024,31,cz CZE,Hoffenheim,de Bundesliga,29,2412,26.8,28,1,0,3,4,7,888,1273,69.8,36,70,31,21,88,14192,5402,465,555,83.8,361,523,69,52,135,38.5,681,3034,1483,38,24,9,11,11,905,153,1494,80,334,633,533,62,1494,31,19,10,15,6,18,40,45,22,22,8,14,23,54,68,0,62,64,49.2,"DF,FW"
1323,Pavel Kadeřábek,2024-2025,32,cz CZE,Hoffenheim,de Bundesliga,24,1576,17.5,18,6,4,2,0,2,609,869,70.1,21,45,16,12,47,9600,3689,327,384,85.2,233,348,67,38,91,41.8,456,1808,872,15,19,1,6,3,605,86,1016,52,255,415,348,31,1016,25,14,14,4,7,15,31,48.4,16,13,3,10,20,45,54,1,57,44,56.4,DF
1324,Ferdi Kadioglu,2024-2025,24,tr TUR,Brighton,eng Premier League,6,385,4.3,5,1,1,1,0,1,144,175,82.3,5,10,9,4,15,2372,698,73,82,89,61,74,82.4,9,14,64.3,124,479,183,1,0,0,6,2,144,27,231,13,71,91,72,9,231,10,6,4,5,1,6,15,40,9,2,2,0,8,18,17,0,3,1,75,"DF,MF"
1325,Kaiky,2022-2023,18,br BRA,Almería,es La Liga,13,581,6.5,7,6,13,0,0,0,182,224,81.3,0,12,1,0,11,3877,1389,60,65,92.3,84,97,86.6,34,54,63,167,886,513,7,2,0,5,0,180,2,294,61,184,108,3,1,294,5,5,5,0,0,3,7,42.9,4,18,10,8,11,16,28,0,6,10,37.5,DF
1326,Kaiky,2023-2024,19,br BRA,Almería,es La Liga,8,523,5.8,5,3,14,1,0,1,217,263,82.5,1,18,1,0,24,4550,1819,58,67,86.6,122,133,91.7,30,52,57.7,182,1023,683,4,0,0,1,0,200,1,317,50,175,137,6,4,317,7,4,6,0,1,3,6,50,3,9,7,2,3,10,29,1,11,11,50,DF
1327,Gedeon Kalulu,2022-2023,24,cd COD,Lorient,fr Ligue 1,29,2438,27.1,28,1,0,0,4,4,1101,1375,80.1,23,82,17,5,106,17656,6738,561,623,90,415,510,81.4,77,153,50.3,1091,7029,3264,58,48,6,31,18,964,82,1653,140,609,745,314,40,1653,64,34,43,14,7,30,48,62.5,18,32,3,29,28,92,79,2,28,25,52.8,DF
1328,Gedeon Kalulu,2023-2024,25,cd COD,Lorient,fr Ligue 1,19,970,10.8,11,8,8,0,1,1,433,528,82,8,29,11,6,35,6775,2140,227,264,86,154,179,86,31,47,66,429,2620,1003,17,11,3,9,7,387,60,644,48,212,285,157,19,644,23,17,13,8,2,12,22,54.5,10,18,2,16,5,28,30,0,10,11,47.6,DF
1329,Pierre Kalulu,2022-2023,22,fr FRA,Milan,it Serie A,34,2548,28.3,26,8,2,1,0,1,1589,1821,87.3,10,109,10,5,138,29265,9921,612,663,92.3,836,909,92,128,208,61.5,1284,7528,4148,52,25,0,25,5,1410,43,2099,118,890,1056,172,18,2099,57,39,33,21,3,28,42,66.7,14,41,17,24,41,98,56,1,36,33,52.2,DF
1330,Pierre Kalulu,2023-2024,23,fr FRA,Milan,it Serie A,9,374,4.2,4,5,4,0,0,0,230,259,88.8,2,17,2,1,19,3921,1103,93,101,92.1,122,127,96.1,10,16,62.5,213,1128,527,6,5,0,3,2,225,11,293,18,104,154,35,5,293,5,1,2,3,0,1,2,50,1,4,3,1,1,6,12,1,3,8,27.3,DF
1331,Pierre Kalulu,2024-2025,24,fr FRA,Juventus,it Serie A,29,2337,26,25,4,2,1,0,1,1932,2076,93.1,11,133,11,5,117,32032,9746,914,959,95.3,898,938,95.7,96,133,72.2,1559,9462,5089,48,36,2,19,7,1752,24,2275,182,924,1197,165,17,2275,41,25,29,9,3,18,24,75,6,27,15,12,17,58,68,1,27,47,36.5,DF
1332,Warren Kamanzi,2022-2023,21,no NOR,Toulouse,fr Ligue 1,11,665,7.4,7,4,10,0,0,0,306,358,85.5,5,17,2,0,22,4140,1289,187,208,89.9,98,123,79.7,7,10,70,293,1715,1007,22,22,4,6,6,252,28,431,28,138,187,109,7,431,16,9,9,5,2,13,19,68.4,6,8,2,6,8,24,9,0,3,6,33.3,DF
1333,Warren Kamanzi,2023-2024,22,no NOR,Toulouse,fr Ligue 1,24,1187,13.2,12,12,8,0,3,3,502,604,83.1,12,38,10,1,56,7724,2412,275,315,87.3,199,238,83.6,20,31,64.5,484,2910,1323,35,19,8,18,13,459,55,749,40,203,354,195,22,749,36,24,16,16,4,13,23,56.5,10,11,3,8,9,45,35,0,9,21,30,"DF,FW"
1334,Warren Kamanzi,2024-2025,23,no NOR,Toulouse,fr Ligue 1,24,1022,11.4,11,13,9,1,1,2,399,481,83,12,27,8,0,33,5867,1419,215,238,90.3,158,182,86.8,13,23,56.5,332,1988,1037,29,17,9,15,15,349,62,613,22,113,304,202,27,613,29,13,12,12,5,14,28,50,14,7,3,4,9,38,25,0,7,1,87.5,"DF,MF"
1335,Hassane Kamara,2023-2024,29,ci CIV,Udinese,it Serie A,35,2225,24.7,27,8,2,1,1,2,600,818,73.3,21,42,25,17,81,9975,4049,293,337,86.9,239,311,76.8,52,114,45.6,557,3435,1732,61,36,9,34,19,580,94,1114,57,339,410,384,30,1114,45,32,26,13,6,25,38,65.8,13,29,2,27,26,71,66,0,16,14,53.3,DF
1336,Hassane Kamara,2024-2025,30,ci CIV,Udinese,it Serie A,30,2001,22.2,25,5,4,1,4,5,780,1031,75.7,24,48,28,22,61,13889,4252,373,417,89.4,303,370,81.9,93,196,47.4,618,3311,1617,52,37,5,24,10,703,103,1241,57,363,509,384,24,1241,35,25,20,11,4,16,28,57.1,12,23,5,18,26,61,49,1,21,11,65.6,DF
1337,Noham Kamara,2024-2025,17,fr FRA,Paris S-G,fr Ligue 1,2,76,0.8,0,2,1,0,0,0,74,79,93.7,0,8,0,0,5,1308,459,26,28,92.9,41,41,100,5,6,83.3,56,381,170,2,1,0,0,0,60,0,84,3,37,44,3,0,84,1,1,0,1,0,0,0,,0,1,1,0,1,2,1,0,2,0,100,DF
1338,Willy Kambwala,2023-2024,18,fr FRA,Manchester Utd,eng Premier League,8,330,3.7,3,5,8,0,0,0,163,192,84.9,0,7,0,0,8,2765,960,74,78,94.9,85,95,89.5,3,14,21.4,124,689,377,2,1,0,3,1,149,1,232,27,142,88,2,0,232,3,1,1,2,0,1,3,33.3,2,6,3,3,4,7,14,1,6,2,75,DF
1339,Willy Kambwala,2024-2025,19,fr FRA,Villarreal,es La Liga,19,1117,12.4,12,7,11,0,0,0,521,594,87.7,1,9,1,0,16,9621,3410,192,207,92.8,284,301,94.4,40,72,55.6,367,1707,846,2,2,1,9,5,463,0,706,118,431,262,17,6,706,17,12,14,2,1,10,12,83.3,2,10,7,3,10,27,56,1,16,18,47.1,DF
1340,Jakub Kamiński,2022-2023,20,pl POL,Wolfsburg,de Bundesliga,31,2058,22.9,25,6,2,4,2,6,495,667,74.2,28,30,39,5,78,7398,2278,275,335,82.1,169,214,79,30,56,53.6,550,2883,1463,47,30,18,57,32,606,171,942,21,145,334,470,78,942,36,25,15,13,8,20,40,50,20,37,2,35,8,44,15,0,13,27,32.5,"FW,DF"
1341,Jakub Kamiński,2024-2025,22,pl POL,Wolfsburg,de Bundesliga,22,1130,12.6,12,10,9,0,2,2,328,466,70.4,24,20,13,4,40,5109,1624,178,211,84.4,107,151,70.9,29,65,44.6,301,1914,1112,41,25,16,20,11,311,69,603,31,114,237,264,36,603,17,8,8,3,6,9,22,40.9,13,17,7,10,13,30,23,1,7,19,26.9,"DF,MF"
1342,Marcin Kamiński,2022-2023,30,pl POL,Schalke 04,de Bundesliga,8,632,7,7,1,10,2,0,2,254,314,80.9,2,20,1,0,25,5229,2285,81,88,92,124,144,86.1,47,73,64.4,171,643,387,2,1,0,4,1,191,3,380,48,206,152,24,4,380,6,4,4,0,2,2,4,50,2,8,7,1,9,15,28,0,29,17,63,DF
1343,Emir Karic,2023-2024,26,ba BIH,Darmstadt 98,de Bundesliga,27,1783,19.8,18,9,2,0,0,0,953,1210,78.8,21,89,27,9,115,15725,6219,492,551,89.3,361,439,82.2,81,152,53.3,697,3756,2268,56,32,1,20,10,869,85,1407,69,389,689,344,14,1407,45,27,23,14,8,21,33,63.6,12,42,11,31,13,58,43,0,21,16,56.8,DF
1344,Rick Karsdorp,2022-2023,27,nl NED,Roma,it Serie A,13,711,7.9,8,5,3,0,0,0,295,380,77.6,6,13,11,1,24,5109,1611,134,153,87.6,131,155,84.5,27,53,50.9,236,1148,575,16,8,2,11,6,260,33,444,30,156,185,110,9,444,21,13,11,7,3,13,22,59.1,9,0,0,0,7,28,15,1,5,2,71.4,DF
1345,Rick Karsdorp,2023-2024,28,nl NED,Roma,it Serie A,18,1191,13.2,14,4,16,0,2,2,544,684,79.5,10,21,7,3,33,8723,2416,286,326,87.7,209,257,81.3,36,63,57.1,394,1648,685,12,11,3,5,1,476,71,772,33,201,336,241,24,772,25,18,11,8,6,16,24,66.7,8,13,4,9,9,34,16,0,5,2,71.4,DF
1346,Denso Kasius,2022-2023,19,nl NED,Bologna,it Serie A,7,342,3.8,4,3,5,0,2,2,143,192,74.5,6,6,8,6,9,2576,864,65,72,90.3,53,74,71.6,20,36,55.6,127,728,374,9,10,1,11,7,144,21,243,6,75,105,65,3,243,12,6,7,4,1,8,10,80,2,6,3,3,3,15,6,0,1,4,20,DF
1347,Grigoris Kastanos,2022-2023,24,cy CYP,Salernitana,it Serie A,28,1286,14.3,13,15,9,2,1,3,460,621,74.1,13,47,11,3,57,6840,2528,253,281,90,130,181,71.8,37,77,48.1,458,2257,1111,27,19,3,16,19,508,59,770,20,157,365,258,25,770,39,23,18,19,2,16,40,40,24,20,6,14,8,47,8,0,23,24,48.9,"MF,DF"
1348,Grigoris Kastanos,2023-2024,25,cy CYP,Salernitana,it Serie A,26,1480,16.4,18,8,3,3,3,6,458,650,70.5,28,52,11,2,78,7578,2346,216,260,83.1,141,205,68.8,61,105,58.1,445,2451,1086,28,24,5,30,28,534,69,819,15,119,389,325,31,819,23,14,8,9,6,9,20,45,11,13,4,9,8,31,9,0,24,36,40,"MF,DF"
1349,Panos Katseris,2023-2024,22,gr GRE,Lorient,fr Ligue 1,15,1041,11.6,13,2,0,1,1,2,275,393,70,9,13,4,2,21,4101,1231,153,195,78.5,99,137,72.3,14,31,45.2,356,2355,923,24,17,5,37,14,314,86,574,29,137,212,233,36,574,26,20,16,8,2,16,25,64,9,20,4,16,8,34,18,0,11,15,42.3,DF
1350,Michael Kayode,2023-2024,19,it ITA,Fiorentina,it Serie A,26,2058,22.9,22,4,8,1,1,2,1056,1297,81.4,15,68,23,15,80,19700,5416,426,463,92,503,579,86.9,112,192,58.3,834,4821,2245,45,31,7,30,8,941,102,1537,72,478,703,371,23,1537,53,30,27,15,11,35,48,72.9,13,25,12,13,18,71,46,2,17,18,48.6,DF
1351,Michael Kayode,2024-2025,20,it ITA,2 Teams,2 Comps,17,655,7.3,7,10,15,0,1,1,227,309,73.5,9,16,4,2,20,3982,1176,109,126,86.5,98,127,77.2,20,48,41.7,186,1162,596,15,8,4,14,6,186,30,401,28,131,155,121,15,401,18,12,13,5,0,9,13,69.2,4,6,1,5,9,27,26,0,11,4,73.3,DF
1352,Michael Keane,2022-2023,29,eng ENG,Everton,eng Premier League,12,985,10.9,10,2,20,1,2,3,305,441,69.2,3,33,2,0,31,5849,2983,115,146,78.8,147,179,82.1,39,93,41.9,257,1282,719,2,2,0,6,2,275,4,565,83,275,239,55,24,565,7,4,5,2,0,5,8,62.5,3,12,7,5,14,21,55,1,67,33,67,DF
1353,Michael Keane,2023-2024,30,eng ENG,Everton,eng Premier League,9,439,4.9,4,5,26,1,0,1,171,221,77.4,0,15,0,0,14,3519,1261,47,60,78.3,98,113,86.7,23,42,54.8,154,595,296,4,2,0,2,3,170,3,270,35,122,126,24,11,270,7,3,3,3,1,1,7,14.3,6,5,4,1,5,12,18,1,16,11,59.3,DF
1354,Michael Keane,2024-2025,31,eng ENG,Everton,eng Premier League,14,1049,11.7,11,3,22,3,0,3,312,377,82.8,2,21,0,0,14,7049,2396,96,108,88.9,146,160,91.3,67,89,75.3,229,904,290,1,1,0,2,2,286,3,513,106,295,198,22,17,513,12,9,8,2,2,8,15,53.3,7,14,10,4,16,28,65,2,26,20,56.5,DF
1355,Kévin Keben Biakolo,2022-2023,18,cm CMR,Toulouse,fr Ligue 1,11,362,4,4,7,8,0,0,0,117,148,79.1,2,3,1,0,5,1797,613,58,66,87.9,50,62,80.6,5,11,45.5,118,619,225,5,10,1,8,5,96,18,198,13,69,84,49,3,198,3,2,2,0,1,0,4,0,4,1,0,1,5,8,9,0,3,8,27.3,DF
1356,Kévin Keben Biakolo,2023-2024,19,cm CMR,Toulouse,fr Ligue 1,8,521,5.8,7,1,16,0,0,0,209,260,80.4,3,13,0,0,13,3723,1447,91,104,87.5,102,117,87.2,15,32,46.9,205,1283,559,5,7,0,11,1,183,10,318,28,139,150,33,3,318,4,2,4,0,0,3,6,50,3,7,0,7,8,12,17,0,6,9,40,DF
1357,Thilo Kehrer,2022-2023,25,de GER,West Ham,eng Premier League,27,2230,24.8,25,2,8,0,2,2,927,1112,83.4,8,59,4,1,60,16374,6006,393,447,87.9,456,510,89.4,68,119,57.1,677,2885,1533,15,12,1,17,6,760,29,1335,135,600,595,147,17,1335,43,24,25,14,4,21,45,46.7,24,16,6,10,34,77,76,1,36,33,52.2,DF
1358,Thilo Kehrer,2023-2024,26,de GER,2 Teams,2 Comps,19,1345,14.9,15,4,14,1,1,2,868,975,89,5,88,2,0,91,16455,6887,299,332,90.1,464,497,93.4,88,118,74.6,798,4309,2308,13,11,0,3,2,762,17,1132,111,414,643,83,20,1132,33,23,22,8,3,22,39,56.4,17,20,8,12,30,63,55,0,23,22,51.1,"DF,MF"
1359,Thilo Kehrer,2024-2025,27,de GER,Monaco,fr Ligue 1,27,2383,26.5,27,0,6,4,0,4,1622,1804,89.9,5,125,1,0,139,29814,12429,585,623,93.9,894,954,93.7,124,193,64.2,1193,5962,3512,16,8,0,6,2,1419,2,2060,187,852,1153,61,17,2060,37,23,26,11,0,22,38,57.9,16,18,10,8,36,73,113,1,54,34,61.4,DF
1360,Check Keita,2022-2023,19,fr FRA,Reims,fr Ligue 1,9,682,7.6,8,1,13,0,0,0,264,305,86.6,1,14,0,0,19,5059,1150,90,100,90,146,154,94.8,22,35,62.9,268,1881,994,8,5,0,4,1,237,0,372,32,171,190,14,5,372,12,9,9,3,0,4,9,44.4,5,6,5,1,5,17,24,1,9,12,42.9,DF
1361,Yannik Keitel,2023-2024,23,de GER,Freiburg,de Bundesliga,15,920,10.2,11,4,10,1,0,1,443,560,79.1,2,49,4,0,48,8934,3894,145,170,85.3,239,260,91.9,57,115,49.6,384,2069,1137,4,3,1,7,3,435,7,677,92,308,341,34,10,677,20,15,14,5,1,10,15,66.7,5,17,8,9,12,32,44,3,23,17,57.5,"DF,MF"
1362,Thomas Keller,2024-2025,24,de GER,Heidenheim,de Bundesliga,6,148,1.6,2,4,14,0,0,0,71,89,79.8,0,5,0,0,6,1388,474,19,27,70.4,47,52,90.4,5,9,55.6,51,203,101,0,2,0,2,0,71,0,115,11,53,56,6,0,115,6,5,5,1,0,4,6,66.7,2,3,1,2,4,10,11,0,4,4,50,"DF,MF"
1363,Lloyd Kelly,2022-2023,23,eng ENG,Bournemouth,eng Premier League,23,2040,22.7,23,0,0,0,2,2,934,1164,80.2,7,73,9,3,47,17585,7174,352,387,91,461,510,90.4,104,227,45.8,705,3316,1879,14,4,0,16,4,806,10,1394,185,752,526,124,9,1394,33,18,23,9,1,13,19,68.4,6,26,15,11,26,59,101,1,36,20,64.3,DF
1364,Lloyd Kelly,2023-2024,24,eng ENG,Bournemouth,eng Premier League,23,1559,17.3,17,6,0,0,1,1,673,906,74.3,9,76,7,4,56,13526,4407,234,277,84.5,341,400,85.3,90,191,47.1,540,2680,1451,15,10,2,20,6,572,28,1065,127,432,484,156,11,1065,24,19,10,9,5,14,25,56,11,22,12,10,13,37,67,0,28,18,60.9,DF
1365,Lloyd Kelly,2024-2025,25,eng ENG,2 Teams,2 Comps,22,1316,14.6,15,7,15,0,1,1,705,854,82.6,5,60,3,1,45,11821,3769,322,351,91.7,321,360,89.2,45,105,42.9,553,2653,1362,10,11,0,12,5,649,31,1012,118,428,477,114,22,1012,20,15,9,10,1,8,10,80,2,17,10,7,3,23,73,3,42,27,60.9,DF
1366,Marc-Oliver Kempf,2022-2023,27,de GER,Hertha BSC,de Bundesliga,31,2709,30.1,31,0,0,1,0,1,1011,1303,77.6,9,57,6,0,81,19044,8004,379,441,85.9,518,608,85.2,99,197,50.3,774,3738,1855,11,2,0,14,7,808,1,1644,231,906,701,52,32,1644,44,27,29,14,1,16,22,72.7,6,42,32,10,51,95,143,0,129,83,60.8,DF
1367,Marc-Oliver Kempf,2024-2025,29,de GER,Como,it Serie A,31,2615,29.1,30,1,1,0,0,0,1498,1718,87.2,10,116,9,1,85,26411,9892,639,690,92.6,716,767,93.4,120,210,57.1,1136,5290,2703,17,8,1,12,5,1313,4,2010,305,1004,932,85,26,2010,30,20,15,14,1,13,24,54.2,11,35,26,9,33,63,136,4,108,39,73.5,DF
1368,Kenedy,2022-2023,26,br BRA,Valladolid,es La Liga,12,275,3.1,2,10,5,0,1,1,57,86,66.3,4,7,2,2,4,800,232,34,42,81,19,25,76,2,10,20,85,367,142,4,1,3,14,7,94,21,131,0,18,59,58,13,131,6,2,3,3,0,2,4,50,2,2,0,2,1,7,0,0,2,3,40,"FW,DF"
1369,Jonjoe Kenny,2022-2023,25,eng ENG,Hertha BSC,de Bundesliga,29,2244,24.9,25,4,4,0,1,1,879,1207,72.8,17,89,13,9,98,16249,7774,356,424,84,406,526,77.2,98,192,51,661,2930,1466,30,24,5,25,8,709,59,1477,92,507,717,269,12,1477,46,34,27,16,3,24,42,57.1,18,38,9,29,46,92,74,0,25,21,54.3,DF
1370,Luca Kerber,2024-2025,22,de GER,Heidenheim,de Bundesliga,23,783,8.7,7,16,9,2,0,2,182,247,73.7,6,10,5,1,16,3338,795,70,89,78.7,85,105,81,20,36,55.6,175,676,255,1,0,1,12,4,199,12,364,33,131,173,62,11,364,26,16,17,8,1,16,31,51.6,15,14,4,10,5,31,25,1,11,17,39.3,"MF,DF"
1371,Milos Kerkez,2023-2024,19,hu HUN,Bournemouth,eng Premier League,28,1970,21.9,22,6,3,0,1,1,613,844,72.6,12,34,14,9,44,9811,3390,322,375,85.9,237,333,71.2,43,94,45.7,518,3192,1617,46,28,8,29,10,538,93,1095,81,371,386,352,31,1095,47,26,31,13,3,30,42,71.4,12,31,11,20,20,67,60,2,18,31,36.7,DF
1372,Milos Kerkez,2024-2025,20,hu HUN,Bournemouth,eng Premier League,38,3336,37.1,38,0,0,2,5,7,1346,1776,75.8,35,87,41,27,159,20911,6878,747,832,89.8,481,617,78,84,218,38.5,1094,6388,3711,106,73,16,49,22,1196,197,2158,112,552,900,731,69,2158,52,26,25,20,7,24,38,63.2,14,38,11,27,45,97,106,4,28,49,36.4,DF
1373,Abdukodir Khusanov,2023-2024,19,uz UZB,Lens,fr Ligue 1,11,809,9,9,2,16,0,0,0,383,439,87.2,1,28,1,0,23,7213,2415,140,152,92.1,203,219,92.7,36,59,61,388,1981,757,5,4,0,6,0,349,1,535,61,275,234,29,3,535,21,12,13,8,0,9,17,52.9,8,13,8,5,13,34,32,2,6,5,54.5,DF
1374,Abdukodir Khusanov,2024-2025,20,uz UZB,2 Teams,2 Comps,19,1478,16.4,17,2,5,0,0,0,843,943,89.4,4,62,4,1,68,15068,5745,334,357,93.6,446,473,94.3,49,87,56.3,613,2607,1077,3,5,0,7,2,724,8,1128,135,540,533,65,5,1128,20,15,13,6,1,9,14,64.3,5,22,15,7,29,49,86,1,33,16,67.3,DF
1375,Kialonda,2024-2025,26,ao ANG,Lecce,it Serie A,24,2144,23.8,24,0,5,0,1,1,801,926,86.5,6,29,0,0,34,17161,5538,209,228,91.7,460,503,91.5,127,177,71.8,572,2337,1043,4,3,1,14,1,719,5,1229,206,772,412,54,32,1229,34,12,24,10,0,12,17,70.6,5,44,28,16,32,66,132,1,90,44,67.2,DF
1376,Luca Kilian,2022-2023,22,de GER,Köln,de Bundesliga,16,1123,12.5,13,3,6,1,0,1,585,685,85.4,3,38,1,0,53,11572,3324,147,169,87,377,399,94.5,56,101,55.4,510,2877,1621,14,8,0,4,3,528,4,801,87,442,326,37,7,801,22,16,14,7,1,12,21,57.1,9,16,8,8,11,33,48,0,23,19,54.8,DF
1377,Luca Kilian,2023-2024,23,de GER,Köln,de Bundesliga,13,635,7.1,6,7,12,0,0,0,241,317,76,1,11,0,0,12,4399,1173,87,103,84.5,131,154,85.1,19,51,37.3,205,1203,582,7,3,0,5,0,232,1,395,51,221,152,24,4,395,16,9,15,1,0,9,14,64.3,5,12,5,7,7,23,28,0,10,7,58.8,DF
1378,Max Kilman,2022-2023,25,eng ENG,Wolves,eng Premier League,37,3307,36.7,37,0,1,0,0,0,1748,2107,83,4,133,7,2,127,34713,12450,574,621,92.4,964,1046,92.2,189,384,49.2,1443,7679,4615,30,15,2,15,9,1699,5,2470,432,1460,952,75,26,2470,36,20,26,9,1,16,30,53.3,14,70,42,28,19,55,164,1,86,42,67.2,DF
1379,Max Kilman,2023-2024,26,eng ENG,Wolves,eng Premier League,38,3420,38,38,0,0,2,0,2,1979,2309,85.7,17,109,11,1,117,36846,13119,766,824,93,1008,1087,92.7,183,346,52.9,1582,7276,4107,22,17,1,8,10,1877,5,2706,451,1478,1110,133,30,2706,47,21,40,6,1,24,32,75,8,64,37,27,39,86,182,4,86,36,70.5,DF
1380,Max Kilman,2024-2025,27,eng ENG,West Ham,eng Premier League,38,3348,37.2,38,0,0,0,1,1,1697,1958,86.7,16,109,4,0,113,32592,10820,546,594,91.9,990,1065,93,150,265,56.6,1270,5672,3185,31,14,2,17,4,1581,6,2374,464,1317,962,113,32,2374,39,24,16,20,3,23,27,85.2,4,58,40,18,38,77,212,6,113,55,67.3,DF
1381,Joshua Kimmich,2023-2024,28,de GER,Bayern Munich,de Bundesliga,28,2176,24.2,27,1,0,1,6,7,1951,2267,86.1,72,188,51,18,229,35635,10089,809,864,93.6,923,1013,91.1,187,320,58.4,1478,8366,3739,56,66,4,19,16,1821,114,2453,75,422,1282,762,23,2453,45,33,25,15,5,26,39,66.7,13,32,4,28,14,59,28,1,5,14,26.3,"MF,DF"
1382,Presnel Kimpembe,2022-2023,26,fr FRA,Paris S-G,fr Ligue 1,11,730,8.1,9,2,0,0,0,0,471,503,93.6,1,36,1,0,40,7240,2911,243,251,96.8,194,202,96,22,26,84.6,430,2001,1090,4,8,0,4,5,407,4,567,59,203,327,39,7,567,17,8,9,6,2,9,13,69.2,4,12,7,5,13,30,9,1,13,8,61.9,DF
1383,Cédric Kipré,2024-2025,27,ci CIV,Reims,fr Ligue 1,28,2190,24.3,26,2,4,0,1,1,1148,1292,88.9,10,86,10,4,77,21071,7534,427,453,94.3,615,666,92.3,89,142,62.7,925,5454,2873,16,14,0,15,3,1063,3,1596,239,842,697,69,16,1596,42,30,30,11,1,29,39,74.4,10,42,27,15,32,74,162,2,41,24,63.1,DF
1384,Jakub Kiwior,2022-2023,22,pl POL,2 Teams,2 Comps,24,1870,20.8,22,2,12,1,0,1,830,980,84.7,5,31,5,0,43,16195,5089,271,308,88,447,480,93.1,100,162,61.7,605,3279,1566,13,6,1,8,5,646,12,1201,208,718,410,80,18,1201,29,22,21,8,0,11,32,34.4,21,31,21,10,30,59,81,1,30,22,57.7,DF
1385,Jakub Kiwior,2023-2024,23,pl POL,Arsenal,eng Premier League,20,946,10.5,11,9,18,1,3,4,523,625,83.7,6,43,8,3,55,8555,3042,270,303,89.1,214,249,85.9,34,58,58.6,362,1264,681,4,8,1,8,2,462,16,716,25,189,367,167,15,716,20,12,11,8,1,14,19,73.7,5,11,3,8,8,28,28,1,15,11,57.7,DF
1386,Jakub Kiwior,2024-2025,24,pl POL,Arsenal,eng Premier League,17,1122,12.5,10,7,20,1,0,1,673,736,91.4,5,65,3,0,48,11598,3392,278,294,94.6,358,376,95.2,30,53,56.6,492,1988,1037,5,7,1,3,2,615,1,846,100,281,494,72,5,846,22,8,13,7,2,11,15,73.3,4,13,8,5,6,28,58,3,11,13,45.8,DF
1387,Simon Kjær,2022-2023,33,dk DEN,Milan,it Serie A,17,1007,11.2,12,5,16,0,0,0,591,683,86.5,0,47,1,0,45,12451,4463,175,193,90.7,313,331,94.6,99,152,65.1,458,1956,1166,3,2,0,1,0,535,1,761,95,432,322,11,2,761,15,8,9,6,0,7,11,63.6,4,14,11,3,9,24,35,1,19,14,57.6,DF
1388,Simon Kjær,2023-2024,34,dk DEN,Milan,it Serie A,20,1171,13,14,6,5,0,1,1,735,833,88.2,4,42,1,0,52,13856,5025,257,274,93.8,409,435,94,62,108,57.4,620,2470,1380,4,4,0,4,1,683,0,963,96,498,449,20,8,963,24,15,11,11,2,14,22,63.6,8,22,16,6,14,38,46,2,23,17,57.5,DF
1389,Christoph Klarer,2023-2024,23,at AUT,Darmstadt 98,de Bundesliga,30,2354,26.2,28,2,1,2,2,4,1044,1200,87,12,58,4,1,64,20473,6575,336,363,92.6,586,633,92.6,111,176,63.1,786,3453,1776,9,7,2,6,6,988,11,1440,183,768,590,88,32,1440,37,22,30,4,3,24,36,66.7,12,31,20,11,21,58,94,1,42,38,52.5,DF
1390,Lukas Klostermann,2022-2023,26,de GER,RB Leipzig,de Bundesliga,15,907,10.1,10,5,6,0,0,0,687,784,87.6,1,36,3,0,40,12138,3677,282,305,92.5,355,380,93.4,44,79,55.7,549,2340,1092,5,8,0,3,4,634,12,873,54,372,458,48,5,873,16,8,7,9,0,8,15,53.3,7,6,3,3,13,29,31,0,15,18,45.5,DF
1391,Lukas Klostermann,2023-2024,27,de GER,RB Leipzig,de Bundesliga,25,1436,16,16,9,4,1,0,1,1035,1155,89.6,5,77,7,0,90,19235,6293,340,372,91.4,610,647,94.3,77,112,68.8,822,3655,2038,14,9,0,4,0,936,13,1305,101,456,778,74,7,1305,15,10,7,7,1,4,13,30.8,9,25,12,13,13,28,64,1,16,32,33.3,DF
1392,Lukas Klostermann,2024-2025,28,de GER,RB Leipzig,de Bundesliga,28,1838,20.4,20,8,3,1,0,1,1071,1211,88.4,2,80,7,1,83,18474,6021,455,482,94.4,556,606,91.7,51,89,57.3,752,3051,1573,16,14,1,9,0,988,26,1472,161,608,751,118,13,1472,27,14,18,7,2,14,24,58.3,10,31,17,14,24,51,143,3,20,30,40,DF
1393,Ansgar Knauff,2022-2023,20,de GER,Eint Frankfurt,de Bundesliga,24,1286,14.3,14,10,6,1,1,2,455,683,66.6,8,27,14,4,40,7020,2807,236,301,78.4,183,268,68.3,25,57,43.9,410,2879,1677,47,26,15,31,9,433,74,879,31,263,373,265,43,879,36,25,22,11,3,15,34,44.1,19,19,1,18,15,51,26,0,9,16,36,DF
1394,Ansgar Knauff,2023-2024,21,de GER,Eint Frankfurt,de Bundesliga,31,2109,23.4,24,7,1,7,2,9,475,747,63.6,18,25,26,10,57,7063,2278,274,355,77.2,160,245,65.3,26,60,43.3,540,3559,1891,77,34,38,44,26,611,164,1039,20,180,453,424,101,1039,43,26,17,16,10,17,31,54.8,14,40,3,37,20,63,15,0,23,43,34.8,"MF,DF"
1395,Ansgar Knauff,2024-2025,22,de GER,Eint Frankfurt,de Bundesliga,30,1597,17.7,18,12,1,4,5,9,363,544,66.7,27,17,24,6,58,5092,1811,221,286,77.3,112,178,62.9,14,37,37.8,435,2574,1526,53,35,19,47,17,477,146,775,20,141,310,336,75,775,41,22,18,16,7,12,26,46.2,14,23,4,19,12,53,24,0,19,27,41.3,"MF,DF"
1396,Robin Knoche,2022-2023,30,de GER,Union Berlin,de Bundesliga,32,2873,31.9,32,0,1,2,3,5,1332,1643,81.1,5,98,7,3,98,28246,10955,362,409,88.5,764,843,90.6,199,347,57.3,1093,5352,2849,12,3,1,15,7,1110,6,1965,234,1045,887,45,23,1963,45,29,29,12,4,24,47,51.1,23,35,18,17,38,83,140,0,55,56,49.5,DF
1397,Robin Knoche,2023-2024,31,de GER,Union Berlin,de Bundesliga,24,1917,21.3,20,4,7,1,0,1,931,1153,80.7,3,49,3,0,71,18490,7064,269,307,87.6,539,606,88.9,107,204,52.5,713,3532,1931,2,4,0,16,0,787,2,1342,135,719,601,32,14,1341,34,22,27,7,0,19,30,63.3,11,27,19,8,13,47,73,0,46,41,52.9,DF
1398,Robin Koch,2022-2023,26,de GER,Leeds United,eng Premier League,36,3175,35.3,36,0,1,0,0,0,1229,1594,77.1,6,121,7,0,114,23945,10673,409,485,84.3,665,772,86.1,141,285,49.5,1013,4700,2583,11,8,0,15,1,1102,11,1963,263,1051,820,106,32,1963,53,30,32,16,5,24,56,42.9,32,44,21,23,43,96,152,1,111,69,61.7,DF
1399,Robin Koch,2023-2024,27,de GER,Eint Frankfurt,de Bundesliga,31,2738,30.4,31,0,0,2,0,2,1902,2161,88,4,97,4,0,116,36596,12775,590,638,92.5,1145,1225,93.5,158,262,60.3,1520,7109,4101,14,15,0,9,2,1745,3,2469,353,1222,1189,68,32,2469,38,23,26,12,0,17,27,63,10,33,24,9,32,70,136,2,80,50,61.5,DF
1400,Robin Koch,2024-2025,28,de GER,Eint Frankfurt,de Bundesliga,30,2586,28.7,30,0,0,3,0,3,1631,1799,90.7,7,98,5,0,93,30310,10229,573,602,95.2,911,957,95.2,134,202,66.3,1244,5204,2780,9,6,0,12,3,1397,4,2148,399,1075,1019,60,29,2148,24,11,14,8,2,10,22,45.5,12,39,25,14,25,49,197,4,102,48,68,DF