,Player,Pos,Season,Age,Nation,Team,Comp,MP,Min,90s,Starts,Subs,GA,SoTA,Saves,Save%,W,D,L,CS,CS%,Att,Launch%,AvgLen,Opp,Stp,Stp%,PSxG,PSxG/SoT,PSxG+/-,PKatt,PKA,PKsv,PKm,Save%.1,#OPA,AvgDist
0,Alisson,GK,2023-2024,30,Brazil,Liverpool,Premier League,28,2520,28.0,28,0,30,109,80,73.4,16,8,4,8,28.6,116,33.6,33.3,299,13,4.3,28.7,0.26,-0.3,1,1,0,0,0.0,33,17.7
1,Alphonse Areola,GK,2023-2024,30,France,West Ham,Premier League,31,2699,30.0,31,0,53,188,136,74.5,11,9,11,4,12.9,219,67.6,47.3,468,27,5.8,52.1,0.24,2.1,7,5,2,0,28.6,7,8.9
2,Simone Aresti,GK,2023-2024,37,Italy,Cagliari,Serie A,1,1,0.0,0,1,1,1,0,100.0,0,0,0,0,,0,,,3,0,0.0,1.0,0.0,0.0,1,1,0,0,0.0,0,
3,Noah Atubolu,GK,2023-2024,21,Germany,Freiburg,Bundesliga,34,3060,34.0,34,0,58,158,99,65.2,11,9,14,10,29.4,241,67.2,50.7,485,31,6.4,50.0,0.3,-7.0,5,3,2,0,40.0,30,13.6
4,Oliver Baumann,GK,2023-2024,33,Germany,Hoffenheim,Bundesliga,34,3060,34.0,34,0,66,211,143,69.7,13,7,14,2,5.9,249,55.4,44.9,545,31,5.7,68.6,0.31,3.6,5,2,3,0,60.0,73,16.7
5,Alaa Bellaarouch,GK,2023-2024,21,Morocco,Strasbourg,Ligue 1,15,1350,15.0,15,0,26,63,37,63.5,4,2,9,2,13.3,61,37.7,36.0,203,19,9.4,19.8,0.25,-5.2,4,3,1,0,25.0,21,13.4
6,Etrit Berisha,GK,2023-2024,34,Albania,Empoli,Serie A,14,1260,14.0,14,0,25,74,49,68.9,3,3,8,4,28.6,90,50.0,40.8,236,11,4.7,20.7,0.24,-3.3,3,2,1,0,33.3,10,12.4
7,Marco Bizot,GK,2023-2024,32,Netherlands,Brest,Ligue 1,32,2876,32.0,32,0,34,129,94,75.2,15,10,7,13,40.6,188,66.5,47.3,382,18,4.7,36.2,0.27,2.2,3,2,1,0,33.3,41,15.7
8,Janis Blaswich,GK,2023-2024,32,Germany,RB Leipzig,Bundesliga,21,1890,21.0,21,0,30,76,46,65.8,10,4,7,5,23.8,134,25.4,30.7,251,16,6.4,25.3,0.28,-4.7,4,4,0,0,0.0,37,17.6
9,Marcin Bułka,GK,2023-2024,23,Poland,Nice,Ligue 1,34,3060,34.0,34,0,29,105,74,77.1,15,10,9,17,50.0,147,22.4,25.5,376,32,8.5,30.7,0.22,2.7,8,5,3,0,37.5,21,12.2
10,Elia Caprile,GK,2023-2024,21,Italy,Empoli,Serie A,23,2070,23.0,23,0,27,106,78,78.3,6,6,11,5,21.7,159,53.5,45.1,391,31,7.9,27.6,0.22,0.6,5,4,1,0,20.0,20,13.3
11,Marco Carnesecchi,GK,2023-2024,23,Italy,Atalanta,Serie A,27,2425,26.9,27,0,30,107,75,75.7,15,5,7,8,29.6,193,67.4,51.7,332,20,6.0,29.3,0.22,-0.7,7,4,2,1,33.3,39,14.7
12,Koen Casteels,GK,2023-2024,31,Belgium,Wolfsburg,Bundesliga,25,2250,25.0,25,0,39,115,78,67.8,8,6,11,4,16.0,161,65.2,48.4,335,25,7.5,36.4,0.3,-0.6,3,2,0,1,0.0,38,15.7
13,Lucas Chevalier,GK,2023-2024,21,France,Lille,Ligue 1,33,2969,33.0,33,0,32,123,91,76.4,16,10,7,15,45.5,123,51.2,44.5,388,25,6.4,35.7,0.26,5.7,5,3,2,0,40.0,28,12.7
14,Oliver Christensen,GK,2023-2024,24,Denmark,Fiorentina,Serie A,4,360,4.0,4,0,9,19,10,63.2,1,1,2,0,0.0,20,35.0,33.7,32,1,3.1,4.7,0.15,-4.3,2,2,0,0,0.0,9,19.5
15,Andrea Consigli,GK,2023-2024,36,Italy,Sassuolo,Serie A,35,3150,35.0,35,0,68,159,93,61.6,6,8,21,3,8.6,252,49.6,41.2,545,23,4.2,51.7,0.28,-13.3,10,7,1,2,12.5,22,11.8
16,Benoît Costil,GK,2023-2024,36,France,Salernitana,Serie A,13,1170,13.0,13,0,29,66,38,60.6,2,3,8,1,7.7,104,70.2,51.1,212,2,0.9,23.6,0.32,-4.4,3,3,0,0,0.0,19,18.2
17,Alessio Cragno,GK,2023-2024,29,Italy,Sassuolo,Serie A,3,270,3.0,3,0,7,14,8,57.1,1,1,1,0,0.0,22,27.3,30.5,37,3,8.1,5.1,0.3,-0.9,1,1,0,0,0.0,8,18.6
18,Finn Dahmen,GK,2023-2024,25,Germany,Augsburg,Bundesliga,31,2790,31.0,31,0,52,158,106,71.5,10,9,12,3,9.7,187,51.3,44.3,484,28,5.8,49.3,0.26,-0.7,10,7,2,1,22.2,50,15.0
19,Rémy Descamps,GK,2023-2024,27,France,Nantes,Ligue 1,6,540,6.0,6,0,11,37,26,73.0,2,2,2,1,16.7,71,74.6,49.8,116,8,6.9,12.5,0.35,1.5,2,1,0,1,0.0,0,7.8
20,Arthur Desmas,GK,2023-2024,29,France,Le Havre,Ligue 1,33,2970,33.0,33,0,43,153,111,72.5,7,11,15,7,21.2,222,52.7,39.1,470,32,6.8,47.0,0.3,6.0,3,1,1,1,50.0,24,12.5
21,Michele Di Gregorio,GK,2023-2024,26,Italy,Monza,Serie A,33,2872,31.9,33,0,35,159,122,79.9,11,11,11,12,36.4,223,52.5,44.2,469,19,4.1,45.4,0.26,10.4,5,3,2,0,40.0,18,11.5
22,Mory Diaw,GK,2023-2024,30,Senegal,Clermont Foot,Ligue 1,30,2700,30.0,30,0,54,188,134,74.5,4,8,18,5,16.7,176,58.0,44.5,439,39,8.9,57.1,0.28,4.1,8,6,1,1,14.3,46,14.4
23,Stole Dimitrievski,GK,2023-2024,29,North Macedonia,Rayo Vallecano,La Liga,37,3330,37.0,37,0,47,150,104,69.3,8,14,15,13,35.1,267,60.3,48.4,529,23,4.3,46.9,0.31,1.9,2,1,1,0,50.0,38,14.6
24,Yehvann Diouf,GK,2023-2024,23,France,Reims,Ligue 1,34,3060,34.0,34,0,47,137,90,70.1,13,8,13,8,23.5,157,42.7,36.9,522,38,7.3,42.7,0.27,-3.3,7,6,1,0,14.3,46,14.2
25,Marko Dmitrović,GK,2023-2024,31,Serbia,Sevilla,La Liga,13,1170,13.0,13,0,25,68,44,66.2,2,2,9,2,15.4,79,58.2,45.9,152,11,7.2,22.6,0.3,-1.4,2,2,0,0,0.0,15,15.4
26,Gianluigi Donnarumma,GK,2023-2024,24,Italy,Paris S-G,Ligue 1,25,2169,24.1,25,0,20,110,89,84.5,18,6,1,10,40.0,131,16.0,23.0,294,15,5.1,30.3,0.25,10.3,4,3,1,0,25.0,23,13.2
27,Martin Dúbravka,GK,2023-2024,34,Slovakia,Newcastle Utd,Premier League,23,1985,22.1,22,1,42,130,87,70.8,9,4,9,5,22.7,169,53.3,39.1,296,20,6.8,42.2,0.29,0.2,5,4,1,0,20.0,22,12.9
28,Ederson,GK,2023-2024,29,Brazil,Manchester City,Premier League,33,2785,30.9,33,0,27,82,56,70.7,24,6,3,10,30.3,114,36.0,36.3,247,25,10.1,27.2,0.3,1.2,3,3,0,0,0.0,50,17.3
29,Łukasz Fabiański,GK,2023-2024,38,Poland,West Ham,Premier League,10,721,8.0,7,3,21,53,33,66.0,3,1,3,1,14.3,56,57.1,45.1,114,8,7.0,19.8,0.33,-0.2,3,3,0,0,0.0,1,7.6
30,Wladimiro Falcone,GK,2023-2024,28,Italy,Lecce,Serie A,38,3420,38.0,38,0,54,173,119,71.7,8,14,16,7,18.4,248,44.0,35.2,522,20,3.8,53.2,0.28,0.2,6,5,1,0,16.7,20,11.0
31,Aitor Fernández,GK,2023-2024,32,Spain,Osasuna,La Liga,7,551,6.1,6,1,9,20,11,60.0,0,2,4,1,16.7,22,68.2,49.7,69,1,1.4,6.1,0.26,-2.9,1,1,0,0,0.0,15,24.8
32,André Ferreira,GK,2023-2024,27,Portugal,Granada,La Liga,15,1340,14.9,14,1,29,77,49,66.2,0,5,9,0,0.0,110,58.2,44.3,195,6,3.1,27.8,0.33,-0.2,3,3,0,0,0.0,13,12.6
33,Mark Flekken,GK,2023-2024,30,Netherlands,Brentford,Premier League,37,3285,36.5,37,0,63,176,113,65.3,10,9,18,7,18.9,289,60.9,46.7,568,44,7.7,55.4,0.31,-7.6,2,2,0,0,0.0,37,12.6
34,Wes Foderingham,GK,2023-2024,32,England,Sheffield Utd,Premier League,30,2649,29.4,29,1,79,204,130,63.7,3,4,22,1,3.4,262,73.3,52.3,468,28,6.0,70.5,0.33,-3.5,6,5,0,1,0.0,42,14.7
35,Paulo Gazzaniga,GK,2023-2024,31,Argentina,Girona,La Liga,38,3420,38.0,38,0,46,168,121,75.6,25,6,7,12,31.6,246,52.0,44.8,534,41,7.7,51.1,0.28,5.1,7,5,1,1,16.7,33,13.2
36,Luca Gemello,GK,2023-2024,23,Italy,Torino,Serie A,2,180,2.0,2,0,5,9,4,55.6,0,0,2,0,0.0,12,8.3,19.7,24,3,12.5,3.6,0.31,-1.4,1,1,0,0,0.0,3,12.0
37,Mathieu Gorgelin,GK,2023-2024,32,France,Le Havre,Ligue 1,1,90,1.0,1,0,2,5,3,80.0,0,0,1,0,0.0,2,50.0,32.5,12,0,0.0,2.9,0.39,0.9,1,1,0,0,0.0,1,14.5
38,Vicente Guaita,GK,2023-2024,36,Spain,Celta Vigo,La Liga,27,2403,26.7,26,1,39,120,83,70.8,8,7,11,6,23.1,213,58.2,45.3,420,23,5.5,39.7,0.31,2.7,5,4,0,1,0.0,27,13.3
39,Dean Henderson,GK,2023-2024,26,England,Crystal Palace,Premier League,18,1620,18.0,18,0,30,86,57,66.3,8,4,6,4,22.2,105,65.7,47.0,246,5,2.0,27.4,0.31,-1.6,1,1,0,0,0.0,17,13.8
40,Sergio Herrera,GK,2023-2024,30,Spain,Osasuna,La Liga,32,2869,31.9,32,0,47,132,84,64.4,12,7,13,9,28.1,222,71.2,51.2,468,29,6.2,45.6,0.34,-1.4,1,0,1,0,100.0,43,16.4
41,Sam Johnstone,GK,2023-2024,30,England,Crystal Palace,Premier League,20,1796,20.0,20,0,27,67,41,62.7,5,6,9,6,30.0,141,75.2,52.8,339,24,7.1,20.0,0.27,-6.0,2,2,0,0,0.0,12,11.2
42,Filip Jørgensen,GK,2023-2024,21,Denmark,Villarreal,La Liga,36,3240,36.0,36,0,63,205,143,72.2,13,10,13,6,16.7,245,41.6,37.8,650,34,5.2,59.8,0.27,-2.2,6,6,0,0,0.0,36,13.4
43,Thomas Kaminski,GK,2023-2024,30,Belgium,Luton Town,Premier League,38,3405,37.8,38,0,85,221,140,63.3,6,8,24,2,5.3,341,66.0,47.5,558,16,2.9,77.6,0.34,-3.4,4,4,0,0,0.0,76,20.5
44,Gregor Kobel,GK,2023-2024,25,Switzerland,Dortmund,Bundesliga,27,2365,26.3,27,0,34,118,84,75.4,14,8,5,7,25.9,165,43.0,38.5,359,7,1.9,36.8,0.28,3.8,6,5,1,0,16.7,17,12.5
45,Philipp Köhn,GK,2023-2024,25,Switzerland,Monaco,Ligue 1,22,1980,22.0,22,0,32,97,65,72.2,11,5,6,5,22.7,130,57.7,43.5,282,22,7.8,32.0,0.27,1.0,6,5,1,0,16.7,19,11.3
46,Alban Lafont,GK,2023-2024,24,France,Nantes,Ligue 1,28,2496,27.7,28,0,43,118,75,70.3,7,4,17,7,25.0,166,60.8,46.9,385,33,8.6,42.4,0.31,-0.6,8,8,0,0,0.0,33,13.0
47,Benjamin Lecomte,GK,2023-2024,32,France,Montpellier,Ligue 1,30,2700,30.0,30,0,37,137,102,75.9,9,11,10,10,33.3,221,41.2,36.4,471,29,6.2,36.8,0.24,2.8,5,4,1,0,20.0,13,9.5
48,Jeremías Ledesma,GK,2023-2024,30,Argentina,Cádiz,La Liga,34,3048,33.9,34,0,47,151,104,70.2,6,12,16,9,26.5,284,85.6,62.1,526,53,10.1,46.4,0.3,-0.6,2,2,0,0,0.0,45,12.9
49,Bernd Leno,GK,2023-2024,31,Germany,Fulham,Premier League,38,3420,38.0,38,0,61,190,133,72.1,13,8,17,10,26.3,201,56.7,44.7,472,19,4.0,55.7,0.26,-1.3,8,8,0,0,0.0,40,14.2
50,Anthony Lopes,GK,2023-2024,32,Portugal,Lyon,Ligue 1,31,2790,31.0,31,0,49,155,106,71.0,16,4,11,9,29.0,196,38.8,34.1,438,36,8.2,43.5,0.25,-4.5,6,4,1,1,20.0,28,12.4
51,Pau López,GK,2023-2024,28,Spain,Marseille,Ligue 1,33,2939,32.7,33,0,39,124,86,71.0,13,11,9,7,21.2,149,44.3,37.3,406,15,3.7,32.6,0.24,-5.4,3,3,0,0,0.0,25,13.9
52,Andriy Lunin,GK,2023-2024,24,Ukraine,Real Madrid,La Liga,21,1890,21.0,21,0,17,65,48,75.4,16,5,0,10,47.6,116,20.7,28.7,283,27,9.5,21.2,0.31,4.2,1,1,0,0,0.0,23,12.2
53,Mike Maignan,GK,2023-2024,28,France,Milan,Serie A,29,2609,29.0,29,0,34,120,86,77.5,19,5,5,10,34.5,147,39.5,38.0,339,37,10.9,29.8,0.19,-4.2,7,7,0,0,0.0,36,15.2
54,Giorgi Mamardashvili,GK,2023-2024,22,Georgia,Valencia,La Liga,37,3284,36.5,37,0,41,145,103,73.8,13,10,14,13,35.1,245,71.8,53.4,530,45,8.5,49.2,0.31,10.2,6,3,3,0,50.0,31,12.3
55,Steve Mandanda,GK,2023-2024,38,France,Rennes,Ligue 1,34,3060,34.0,34,0,46,147,104,70.7,12,10,12,7,20.6,192,58.3,43.1,451,36,8.0,38.2,0.25,-4.8,3,3,0,0,0.0,37,15.1
56,Diego Mariño,GK,2023-2024,33,Spain,Almería,La Liga,1,90,1.0,1,0,2,4,2,100.0,0,0,1,0,0.0,2,0.0,16.5,6,0,0.0,2.1,0.02,0.1,2,2,0,0,0.0,2,22.7
57,Unai Marrero,GK,2023-2024,21,Spain,Real Sociedad,La Liga,2,142,1.6,1,1,3,5,2,60.0,0,0,1,0,0.0,8,100.0,63.4,27,1,3.7,2.9,0.37,-0.1,1,1,0,0,0.0,4,20.1
58,Emiliano Martínez,GK,2023-2024,30,Argentina,Aston Villa,Premier League,34,3015,33.5,34,0,48,139,95,66.2,19,8,7,8,23.5,159,40.9,36.1,373,45,12.1,50.8,0.37,6.8,1,1,0,0,0.0,69,17.5
59,Josep Martinez,GK,2023-2024,25,Spain,Genoa,Serie A,36,3239,36.0,36,0,43,130,87,69.2,11,13,12,8,22.2,171,66.7,49.4,580,45,7.8,38.9,0.28,-3.1,4,3,1,0,25.0,40,12.2
60,Marc Martínez,GK,2023-2024,33,Spain,Granada,La Liga,3,270,3.0,3,0,11,23,12,60.9,0,0,3,0,0.0,24,58.3,46.3,30,0,0.0,12.1,0.46,1.1,2,2,0,0,0.0,10,23.0
61,Luís Maximiano,GK,2023-2024,24,Portugal,Almería,La Liga,33,2970,33.0,33,0,63,175,111,66.3,2,11,20,6,18.2,264,61.0,46.3,551,25,4.5,59.7,0.32,-3.3,7,4,1,2,20.0,38,14.5
62,Alex Meret,GK,2023-2024,26,Italy,Napoli,Serie A,31,2773,30.8,31,0,40,104,62,63.5,10,13,8,5,16.1,137,22.6,29.5,334,9,2.7,38.0,0.33,-2.0,4,2,2,0,50.0,29,15.4
63,Vanja Milinković-Savić,GK,2023-2024,26,Serbia,Torino,Serie A,36,3240,36.0,36,0,31,134,103,81.3,13,14,9,18,50.0,239,86.2,66.6,407,38,9.3,33.8,0.21,2.8,6,6,0,0,0.0,37,13.6
64,Lorenzo Montipò,GK,2023-2024,27,Italy,Hellas Verona,Serie A,37,3330,37.0,37,0,49,153,105,69.3,9,10,18,8,21.6,305,78.7,56.4,487,22,4.5,40.7,0.26,-7.3,2,2,0,0,0.0,43,15.3
65,Kevin Müller,GK,2023-2024,32,Germany,Heidenheim,Bundesliga,34,3060,34.0,34,0,55,174,121,72.4,10,12,12,6,17.6,316,58.5,46.1,495,24,4.8,53.6,0.27,1.6,10,7,1,2,12.5,17,13.2
66,Arijanet Muric,GK,2023-2024,24,Kosovo,Burnley,Premier League,10,900,10.0,10,0,16,78,62,80.8,2,4,4,0,0.0,33,60.6,45.1,143,20,14.0,21.7,0.26,6.7,2,1,1,0,50.0,31,17.2
67,Juan Musso,GK,2023-2024,29,Argentina,Atalanta,Serie A,11,990,11.0,11,0,12,34,23,70.6,6,1,4,6,54.5,70,67.1,48.6,110,10,9.1,9.8,0.23,-1.2,2,2,0,0,0.0,16,16.7
68,Yvon Mvogo,GK,2023-2024,29,Switzerland,Lorient,Ligue 1,34,3060,34.0,34,0,66,207,142,72.0,7,8,19,4,11.8,228,48.2,38.8,591,24,4.1,63.1,0.27,-1.9,8,8,0,0,0.0,13,8.9
69,Keylor Navas,GK,2023-2024,36,Costa Rica,Paris S-G,Ligue 1,4,360,4.0,4,0,6,12,6,58.3,2,2,0,1,25.0,18,5.6,22.2,37,0,0.0,4.7,0.31,-1.3,1,1,0,0,0.0,5,16.3
70,Massamba Ndiaye,GK,2023-2024,21,Senegal,Clermont Foot,Ligue 1,4,360,4.0,4,0,6,24,18,79.2,1,2,1,0,0.0,24,45.8,35.1,75,7,9.3,7.8,0.29,1.8,1,1,0,0,0.0,3,10.1
71,Neto,GK,2023-2024,34,Brazil,Bournemouth,Premier League,32,2880,32.0,32,0,55,165,110,69.7,10,9,13,7,21.9,223,57.0,44.2,413,26,6.3,55.2,0.31,1.2,6,5,1,0,16.7,34,13.7
72,Manuel Neuer,GK,2023-2024,37,Germany,Bayern Munich,Bundesliga,23,2053,22.8,23,0,33,93,59,66.7,16,1,6,6,26.1,97,14.4,26.0,231,9,3.9,29.1,0.29,-3.9,3,2,1,0,33.3,32,17.5
73,Moritz Nicolas,GK,2023-2024,25,Germany,Gladbach,Bundesliga,27,2430,27.0,27,0,49,160,111,71.9,6,11,10,4,14.8,161,52.2,42.5,460,21,4.6,45.1,0.26,-3.9,4,4,0,0,0.0,22,13.2
74,Alexander Nübel,GK,2023-2024,26,Germany,Stuttgart,Bundesliga,30,2700,30.0,30,0,36,107,74,69.2,20,3,7,11,36.7,112,32.1,32.7,341,30,8.8,30.8,0.27,-2.2,3,3,0,0,0.0,57,17.3
75,Ørjan Nyland,GK,2023-2024,32,Norway,Sevilla,La Liga,24,2160,24.0,24,0,27,104,78,76.9,8,9,7,6,25.0,201,78.6,56.4,359,20,5.6,29.8,0.26,3.8,3,3,0,0,0.0,17,13.5
76,Jan Oblak,GK,2023-2024,30,Slovenia,Atlético Madrid,La Liga,38,3420,38.0,38,0,43,144,101,70.8,24,4,10,13,34.2,283,46.6,38.7,579,36,6.2,39.8,0.28,-3.2,2,1,0,1,0.0,22,11.8
77,Guillermo Ochoa,GK,2023-2024,38,Mexico,Salernitana,Serie A,21,1890,21.0,21,0,44,115,72,67.8,0,6,15,1,4.8,171,59.1,44.4,342,9,2.6,37.2,0.27,-5.8,7,7,0,0,0.0,11,13.6
78,Maduka Okoye,GK,2023-2024,23,Nigeria,Udinese,Serie A,21,1890,21.0,21,0,25,89,65,75.3,5,8,8,5,23.8,161,64.0,49.0,365,7,1.9,23.9,0.24,-0.1,3,3,0,0,0.0,2,8.7
79,Robin Olsen,GK,2023-2024,33,Sweden,Aston Villa,Premier League,5,405,4.5,4,1,13,34,20,61.8,1,0,3,0,0.0,27,44.4,35.9,46,6,13.0,11.1,0.3,-1.9,1,0,1,0,100.0,1,8.4
80,Jonas Omlin,GK,2023-2024,29,Switzerland,Gladbach,Bundesliga,7,630,7.0,7,0,18,47,29,66.0,1,2,4,0,0.0,34,50.0,41.8,78,7,9.0,13.3,0.24,-4.7,2,2,0,0,0.0,12,15.3
81,André Onana,GK,2023-2024,27,Cameroon,Manchester Utd,Premier League,38,3420,38.0,38,0,58,203,146,74.9,18,6,14,9,23.7,162,58.0,44.6,601,42,7.0,59.1,0.27,2.1,7,7,0,0,0.0,37,12.9
82,Alexandre Oukidja,GK,2023-2024,35,Algeria,Metz,Ligue 1,34,2987,33.2,34,0,57,185,128,72.4,8,5,21,6,17.6,292,89.0,59.0,569,46,8.1,52.3,0.26,-4.7,6,6,0,0,0.0,22,10.3
83,Rui Patrício,GK,2023-2024,35,Portugal,Roma,Serie A,23,2070,23.0,23,0,27,74,49,66.2,11,5,7,6,26.1,137,40.9,34.9,309,16,5.2,23.4,0.29,-1.6,3,2,0,1,0.0,8,11.7
84,Jiří Pavlenka,GK,2023-2024,31,Czech Republic,Werder Bremen,Bundesliga,7,630,7.0,7,0,17,38,21,60.5,2,0,5,1,14.3,69,26.1,32.5,109,7,6.4,13.1,0.3,-3.9,2,2,0,0,0.0,9,14.4
85,Đorđe Petrović,GK,2023-2024,23,Serbia,Chelsea,Premier League,23,1987,22.1,22,1,38,108,73,65.7,13,5,4,5,22.7,149,46.3,37.8,312,20,6.4,28.3,0.26,-6.7,2,1,0,1,0.0,20,12.7
86,Jordan Pickford,GK,2023-2024,29,England,Everton,Premier League,38,3420,38.0,38,0,51,165,117,73.9,13,9,16,13,34.2,273,60.8,48.3,570,30,5.3,52.4,0.28,4.4,8,8,0,0,0.0,54,15.9
87,Ivan Provedel,GK,2023-2024,29,Italy,Lazio,Serie A,30,2699,30.0,30,0,33,119,86,73.9,12,6,12,9,30.0,176,35.2,37.0,377,15,4.0,31.3,0.24,-1.7,3,2,0,1,0.0,18,13.0
88,Predrag Rajković,GK,2023-2024,27,Serbia,Mallorca,La Liga,36,3240,36.0,36,0,43,138,95,71.7,7,15,14,9,25.0,300,73.0,54.3,502,33,6.6,41.8,0.27,-0.2,5,4,1,0,20.0,28,13.7
89,Federico Ravaglia,GK,2023-2024,23,Italy,Bologna,Serie A,6,535,5.9,6,0,3,18,13,83.3,4,1,1,4,66.7,34,52.9,41.0,73,1,1.4,5.5,0.25,2.5,1,0,1,0,100.0,4,17.1
90,David Raya,GK,2023-2024,27,Spain,Arsenal,Premier League,32,2880,32.0,32,0,24,69,45,68.1,23,4,5,16,50.0,96,62.5,47.5,329,40,12.2,20.4,0.26,-2.6,3,2,1,0,33.3,50,17.9
91,Álex Remiro,GK,2023-2024,28,Spain,Real Sociedad,La Liga,37,3275,36.4,37,0,36,130,94,76.2,16,12,9,15,40.5,163,65.6,50.9,383,18,4.7,37.9,0.26,2.9,6,5,1,0,16.7,54,16.9
92,Guillaume Restes,GK,2023-2024,18,France,Toulouse,Ligue 1,34,3060,34.0,34,0,46,139,93,69.8,11,10,13,6,17.6,193,48.2,38.9,490,7,1.4,45.3,0.3,-0.7,4,4,0,0,0.0,16,10.7
93,Manuel Riemann,GK,2023-2024,34,Germany,Bochum,Bundesliga,33,2970,33.0,33,0,70,185,116,67.0,7,12,14,4,12.1,208,61.1,46.9,510,35,6.9,59.6,0.27,-7.4,11,9,2,0,18.2,104,19.8
94,Frederik Rønnow,GK,2023-2024,30,Denmark,Union Berlin,Bundesliga,33,2970,33.0,33,0,56,162,105,68.5,9,6,18,7,21.2,218,63.8,47.4,539,54,10.0,51.7,0.28,-3.3,7,5,2,0,28.6,37,12.9
95,José Sá,GK,2023-2024,30,Portugal,Wolves,Premier League,35,3037,33.7,35,0,58,188,131,73.4,12,7,16,4,11.4,253,56.9,42.6,522,45,8.6,65.9,0.31,8.9,8,8,0,0,0.0,28,12.6
96,Brice Samba,GK,2023-2024,29,France,Lens,Ligue 1,33,2970,33.0,33,0,35,136,101,78.7,14,8,11,14,42.4,170,40.0,33.5,388,32,8.2,42.3,0.27,8.3,8,6,1,1,14.3,39,14.8
97,Robert Sánchez,GK,2023-2024,25,Spain,Chelsea,Premier League,16,1433,15.9,16,0,25,78,52,70.5,5,4,7,3,18.8,91,40.7,33.7,202,19,9.4,24.2,0.28,-0.8,3,2,1,0,33.3,27,15.8
98,Marcel Schuhen,GK,2023-2024,30,Germany,Darmstadt 98,Bundesliga,31,2790,31.0,31,0,76,198,123,62.1,3,7,21,3,9.7,289,62.6,48.5,453,24,5.3,68.0,0.34,-6.0,2,1,1,0,50.0,51,16.5
99,Marvin Schwäbe,GK,2023-2024,28,Germany,Köln,Bundesliga,34,3060,34.0,34,0,60,168,108,66.1,5,12,17,4,11.8,149,30.9,34.3,504,14,2.8,62.0,0.36,2.0,3,3,0,0,0.0,21,13.4
100,Simone Scuffet,GK,2023-2024,27,Italy,Cagliari,Serie A,31,2789,31.0,31,0,55,129,76,59.7,8,10,13,3,9.7,243,64.2,46.9,482,22,4.6,45.1,0.33,-7.9,3,3,0,0,0.0,20,12.1
101,Matz Sels,GK,2023-2024,31,Belgium,Nott'ham Forest,Premier League,35,3150,35.0,35,0,51,123,76,60.2,10,11,14,4,11.4,206,41.7,37.2,480,17,3.5,37.2,0.29,-9.8,2,2,0,0,0.0,23,12.1
102,Rui Silva,GK,2023-2024,29,Portugal,Betis,La Liga,28,2475,27.5,28,0,36,120,85,75.8,10,9,9,9,32.1,183,55.7,43.0,375,31,8.3,37.5,0.26,3.5,8,7,1,0,12.5,34,14.9
103,Marco Silvestri,GK,2023-2024,32,Italy,Udinese,Serie A,17,1530,17.0,17,0,28,68,40,67.6,1,11,5,4,23.5,105,49.5,42.1,282,5,1.8,25.7,0.29,-2.3,6,6,0,0,0.0,7,13.1
104,Unai Simón,GK,2023-2024,26,Spain,Athletic Club,La Liga,36,3182,35.4,36,0,33,122,90,73.8,18,11,7,16,44.4,240,84.6,60.9,450,31,6.9,38.0,0.28,9.0,5,1,3,1,75.0,46,16.3
105,Antonio Sivera,GK,2023-2024,26,Spain,Alavés,La Liga,34,3060,34.0,34,0,38,123,87,75.6,11,8,15,10,29.4,295,67.1,47.8,501,25,5.0,38.4,0.25,2.4,8,8,0,0,0.0,29,13.1
106,Łukasz Skorupski,GK,2023-2024,32,Poland,Bologna,Serie A,32,2880,32.0,32,0,29,106,77,75.5,14,13,5,13,40.6,188,42.0,38.7,432,12,2.8,26.6,0.23,-1.4,6,3,1,2,25.0,15,12.2
107,Yann Sommer,GK,2023-2024,34,Switzerland,Inter,Serie A,34,3060,34.0,34,0,19,98,78,82.7,27,6,1,19,55.9,201,22.9,27.9,395,18,4.6,25.5,0.23,6.5,4,2,1,1,33.3,14,12.1
108,David Soria,GK,2023-2024,30,Spain,Getafe,La Liga,38,3413,37.9,38,0,52,171,118,72.5,10,13,15,10,26.3,310,83.9,57.3,458,17,3.7,53.9,0.29,1.9,7,5,1,1,16.7,62,17.3
109,Alessandro Sorrentino,GK,2023-2024,21,Italy,Monza,Serie A,7,548,6.1,5,2,16,32,16,62.5,0,1,4,0,0.0,42,38.1,36.1,62,3,4.8,14.4,0.34,-1.6,4,4,0,0,0.0,3,16.8
110,Marco Sportiello,GK,2023-2024,31,Italy,Milan,Serie A,7,630,7.0,7,0,11,33,23,69.7,3,3,1,2,28.6,17,23.5,29.1,81,5,6.2,8.9,0.25,-1.1,1,1,0,0,0.0,9,15.4
111,Jason Steele,GK,2023-2024,32,England,Brighton,Premier League,17,1530,17.0,17,0,34,74,42,58.1,5,4,8,2,11.8,54,14.8,18.8,173,7,4.0,25.7,0.32,-6.3,3,3,0,0,0.0,41,20.6
112,Mile Svilar,GK,2023-2024,23,Serbia,Roma,Serie A,15,1350,15.0,15,0,19,77,58,76.6,7,4,4,5,33.3,89,38.2,36.2,208,16,7.7,20.2,0.24,2.2,2,1,1,0,50.0,7,12.0
113,Wojciech Szczęsny,GK,2023-2024,33,Poland,Juventus,Serie A,35,3150,35.0,35,0,30,108,79,74.1,17,13,5,15,42.9,174,43.1,40.2,555,26,4.7,28.3,0.24,0.3,3,2,1,0,33.3,20,11.6
114,Marc-André ter Stegen,GK,2023-2024,31,Germany,Barcelona,La Liga,28,2520,28.0,28,0,27,102,75,75.5,20,5,3,15,53.6,163,25.8,30.9,334,13,3.9,27.7,0.25,0.7,2,2,0,0,0.0,31,15.6
115,Pietro Terracciano,GK,2023-2024,33,Italy,Fiorentina,Serie A,33,2970,33.0,33,0,35,126,90,77.0,15,8,10,8,24.2,176,43.8,38.2,307,7,2.3,40.2,0.27,5.2,7,6,1,0,14.3,23,14.6
116,James Trafford,GK,2023-2024,20,England,Burnley,Premier League,28,2520,28.0,28,0,62,166,106,65.7,3,5,20,2,7.1,198,78.3,54.2,419,30,7.2,54.1,0.3,-5.9,5,5,0,0,0.0,43,15.0
117,Kevin Trapp,GK,2023-2024,33,Germany,Eint Frankfurt,Bundesliga,32,2880,32.0,32,0,48,137,87,71.5,10,13,9,7,21.9,212,41.0,36.2,452,16,3.5,48.3,0.28,0.3,11,9,2,0,18.2,30,15.2
118,Mark Travers,GK,2023-2024,24,Ireland,Bournemouth,Premier League,4,360,4.0,4,0,5,18,13,77.8,2,0,2,2,50.0,26,80.8,55.6,60,3,5.0,5.0,0.23,0.0,1,1,0,0,0.0,3,14.8
119,Stefano Turati,GK,2023-2024,21,Italy,Frosinone,Serie A,31,2745,30.5,31,0,58,152,94,65.1,6,9,16,4,12.9,144,45.1,38.8,412,18,4.4,47.5,0.28,-9.5,7,5,1,1,16.7,19,13.7
120,Matt Turner,GK,2023-2024,29,United States,Nott'ham Forest,Premier League,17,1530,17.0,17,0,28,80,52,67.5,4,5,8,2,11.8,136,69.1,47.0,296,30,10.1,22.1,0.26,-5.9,2,2,0,0,0.0,18,13.3
121,Sven Ulreich,GK,2023-2024,34,Germany,Bayern Munich,Bundesliga,11,990,11.0,11,0,12,31,19,64.5,7,2,2,4,36.4,47,17.0,26.4,108,5,4.6,11.8,0.35,-0.2,1,1,0,0,0.0,16,19.9
122,Álvaro Vallés,GK,2023-2024,26,Spain,Las Palmas,La Liga,37,3263,36.3,37,0,44,152,108,74.3,10,10,17,8,21.6,151,42.4,39.1,521,29,5.6,48.7,0.28,7.7,9,5,3,1,37.5,96,17.8
123,Bart Verbruggen,GK,2023-2024,20,Netherlands,Brighton,Premier League,21,1890,21.0,21,0,28,91,63,72.5,7,8,6,4,19.0,72,9.7,15.7,232,17,7.3,25.4,0.25,-2.6,3,3,0,0,0.0,31,15.8
124,Guglielmo Vicario,GK,2023-2024,26,Italy,Tottenham,Premier League,38,3420,38.0,38,0,61,167,109,67.7,20,6,12,7,18.4,201,14.9,22.2,511,33,6.5,60.0,0.32,2.0,7,7,0,0,0.0,81,17.1
125,Iván Villar,GK,2023-2024,26,Spain,Celta Vigo,La Liga,12,1014,11.3,12,0,18,44,26,63.6,2,4,6,0,0.0,98,60.2,45.7,136,5,3.7,16.3,0.31,-0.7,3,2,1,0,33.3,9,13.2
126,Odisseas Vlachodimos,GK,2023-2024,29,Greece,Nott'ham Forest,Premier League,5,450,5.0,5,0,12,22,10,50.0,1,0,4,1,20.0,44,61.4,44.3,92,3,3.3,7.9,0.31,-4.1,1,1,0,0,0.0,2,10.3
127,Robin Zentner,GK,2023-2024,28,Germany,Mainz 05,Bundesliga,30,2700,30.0,30,0,48,128,81,64.8,7,12,11,7,23.3,177,58.8,46.4,393,42,10.7,49.2,0.37,2.2,4,3,0,1,0.0,48,16.0
128,Michael Zetterer,GK,2023-2024,28,Germany,Werder Bremen,Bundesliga,27,2430,27.0,27,0,37,128,92,74.2,9,9,9,6,22.2,144,36.1,38.1,407,34,8.4,41.0,0.3,5.0,4,4,0,0,0.0,30,14.6
